Workbook
Name NonLinePayTable: 'Step-9-AllRSNotWilds'!$A$13:$F$17
Name NumRows: 'Step-9-AllRSNotWilds'!$D$22
Name Paytable: 'Step-9-AllRSNotWilds'!$B$25:$D$35
Name Total: 'Step-9-AllRSNotWilds'!$A$18:$F$18

Sheet Step-1
A1: Symbol Set Population | B1: Symbol Set Population | C1: Symbol Set Population | D1: Symbol Set Population | E1: Symbol Set Population | F1: Symbol Set Population | I1: Prize | J1: R1 | K1: R2 | L1: R3 | M1: R4 | N1: R5 | O1: HITS | P1: Hit Rate | Q1: Total Hit Rate | R1: RTP(%) | S1: RTP(%) 1c | U1: Sim RTP | V1: Delta
A2: Symbol | B2: BaseRS11R0 | C2: BaseRS11R1 | D2: BaseRS11R2 | E2: BaseRS11R3 | F2: BaseRS11R4 | I2: 5xH1 | J2: =B3+B4 -> 2 | K2: =C3+C4 -> 1 | L2: =D3+D4 -> 35 | M2: =E3+E4 -> 32 | N2: =F3+F4 -> 3 | O2: =PRODUCT(J2:N2) -> 6720 | P2: =O2/$B$16 -> 5.6367244e-05 | Q2: =P2*$A$19 -> 0.0011273449 | R2: =Q2*B22 -> 0.084550866 | S2: =R2/$B$19 -> 0.0084550866 | U2: 0.0083604 | V2: =S2-U2 -> 9.468658e-05
A3: WD | B3: 0 | C3: 1 | D3: 29 | E3: 28 | F3: 0 | I3: 4xH1 | J3: =J2 -> 2 | K3: =K2 -> 1 | L3: =L2 -> 35 | M3: =M2 -> 32 | N3: =F15-N2 -> 45 | O3: =PRODUCT(J3:N3) -> 100800 | P3: =O3/$B$16 -> 0.00084550866 | Q3: =P3*$A$19 -> 0.016910173 | R3: =Q3*C22 -> 0.42275433 | S3: =R3/$B$19 -> 0.042275433 | U3: 0.041926025 | V3: =S3-U3 -> 0.0003494079
A4: H1 | B4: 2 | C4: 0 | D4: 6 | E4: 4 | F4: 3 | I4: 3xH1 | J4: =J2 -> 2 | K4: =K2 -> 1 | L4: =L2 -> 35 | M4: =E15-M2 -> 16 | N4: 48 | O4: =PRODUCT(J4:N4) -> 53760 | P4: =O4/$B$16 -> 0.00045093795 | Q4: =P4*$A$19 -> 0.009018759 | R4: =Q4*D22 -> 0.018037518 | S4: =R4/$B$19 -> 0.0018037518 | U4: 0.00178491 | V4: =S4-U4 -> 1.8841804e-05
A5: H2 | B5: 3 | C5: 0 | D5: 4 | E5: 4 | F5: 4 | I5: 5xH2 | J5: =B3+B5 -> 3 | K5: =C3+C5 -> 1 | L5: =D3+D5 -> 33 | M5: =E3+E5 -> 32 | N5: =F3+F5 -> 4 | O5: =PRODUCT(J5:N5) -> 12672 | P5: =O5/$B$16 -> 0.00010629252 | Q5: =P5*$A$19 -> 0.0021258503 | R5: =Q5*B23 -> 0.10629252 | S5: =R5/$B$19 -> 0.010629252 | U5: 0.0105633 | V5: =S5-U5 -> 6.5951701e-05
A6: H3 | B6: 3 | C6: 0 | D6: 0 | E6: 0 | F6: 6 | I6: 4xH2 | J6: =J5 -> 3 | K6: =K5 -> 1 | L6: =L5 -> 33 | M6: =M5 -> 32 | N6: =F15-N5 -> 44 | O6: =PRODUCT(J6:N6) -> 139392 | P6: =O6/$B$16 -> 0.0011692177 | Q6: =P6*$A$19 -> 0.023384354 | R6: =Q6*C23 -> 0.28061224 | S6: =R6/$B$19 -> 0.028061224 | U6: 0.027816048 | V6: =S6-U6 -> 0.00024517649
A7: H4 | B7: 2 | C7: 8 | D7: 2 | E7: 0 | F7: 6 | I7: 3xH2 | J7: =J5 -> 3 | K7: =K5 -> 1 | L7: =L5 -> 33 | M7: =D15-M5 -> 17 | N7: =F15 -> 48 | O7: =PRODUCT(J7:N7) -> 80784 | P7: =O7/$B$16 -> 0.0006776148 | Q7: =P7*$A$19 -> 0.013552296 | R7: =Q7*D23 -> 0.027104592 | S7: =R7/$B$19 -> 0.0027104592 | U7: 0.00253115 | V7: =S7-U7 -> 0.00017930918
A8: L1 | B8: 4 | C8: 8 | D8: 4 | E8: 6 | F8: 5 | I8: 5xH3 | J8: =B3+B6 -> 3 | K8: =C3+C6 -> 1 | L8: =D3+D6 -> 29 | M8: =E3+E6 -> 28 | N8: =F3+F6 -> 6 | O8: =PRODUCT(J8:N8) -> 14616 | P8: =O8/$B$16 -> 0.00012259876 | Q8: =P8*$A$19 -> 0.0024519751 | R8: =Q8*B24 -> 0.12259876 | S8: =R8/$B$19 -> 0.012259876 | U8: 0.01200955 | V8: =S8-U8 -> 0.00025032554
A9: L2 | B9: 7 | C9: 2 | D9: 2 | E9: 0 | F9: 6 | I9: 4xH3 | J9: =J8 -> 3 | K9: =K8 -> 1 | L9: =L8 -> 29 | M9: =M8 -> 28 | N9: =F15-N8 -> 42 | O9: =PRODUCT(J9:N9) -> 102312 | P9: =O9/$B$16 -> 0.00085819129 | Q9: =P9*$A$19 -> 0.017163826 | R9: =Q9*C24 -> 0.20596591 | S9: =R9/$B$19 -> 0.020596591 | U9: 0.020313048 | V9: =S9-U9 -> 0.00028354291
A10: L3 | B10: 7 | C10: 2 | D10: 2 | E10: 2 | F10: 6 | I10: 3xH3 | J10: =J9 -> 3 | K10: =K9 -> 1 | L10: =L9 -> 29 | M10: =E15-M9 -> 20 | N10: =F15 -> 48 | O10: =PRODUCT(J10:N10) -> 83520 | P10: =O10/$B$16 -> 0.00070056432 | Q10: =P10*$A$19 -> 0.014011286 | R10: =Q10*D24 -> 0.028022573 | S10: =R10/$B$19 -> 0.0028022573 | U10: 0.00276997 | V10: =S10-U10 -> 3.2287267e-05
A11: L4 | B11: 2 | C11: 6 | D11: 0 | E11: 0 | F11: 6 | I11: 5xH4 | J11: =B3+B7 -> 2 | K11: =C3+C7 -> 9 | L11: =D3+D7 -> 31 | M11: =E3+E7 -> 28 | N11: =F3+F7 -> 6 | O11: =PRODUCT(J11:N11) -> 93744 | P11: =O11/$B$16 -> 0.00078632305 | Q11: =P11*$A$19 -> 0.015726461 | R11: =Q11*B25 -> 0.78632305 | S11: =R11/$B$19 -> 0.078632305 | U11: 0.0776982 | V11: =S11-U11 -> 0.00093410519
A12: L5 | B12: 2 | C12: 6 | D12: 0 | E12: 4 | F12: 6 | I12: 4xH4 | J12: =J11 -> 2 | K12: =K11 -> 9 | L12: =L11 -> 31 | M12: =M11 -> 28 | N12: =F15-N11 -> 42 | O12: =PRODUCT(J12:N12) -> 656208 | P12: =O12/$B$16 -> 0.0055042614 | Q12: =P12*$A$19 -> 0.11008523 | R12: =Q12*C25 -> 1.3210227 | S12: =R12/$B$19 -> 0.13210227 | U12: 0.13058296 | V12: =S12-U12 -> 0.0015193167
A13: SC | B13: 0 | C13: 0 | D13: 0 | E13: 0 | F13: 0 | I13: 3xH4 | J13: =J12 -> 2 | K13: =K12 -> 9 | L13: =L12 -> 31 | M13: =E15-M11 -> 20 | N13: =F15 -> 48 | O13: =PRODUCT(J13:N13) -> 535680 | P13: =O13/$B$16 -> 0.0044932746 | Q13: =P13*$A$19 -> 0.089865492 | R13: =Q13*D25 -> 0.17973098 | S13: =R13/$B$19 -> 0.017973098 | U13: 0.017740398 | V13: =S13-U13 -> 0.00023270033
A14: RS | B14: 0 | C14: 0 | D14: 0 | E14: 0 | F14: 0 | I14: 5xL1 | J14: =B3+B8 -> 4 | K14: =C3+C8 -> 9 | L14: =D3+D8 -> 33 | M14: =E3+E8 -> 34 | N14: =F3+F8 -> 5 | O14: =PRODUCT(J14:N14) -> 201960 | P14: =O14/$B$16 -> 0.001694037 | Q14: =P14*$A$19 -> 0.03388074 | R14: =Q14*B26 -> 1.3552296 | S14: =R14/$B$19 -> 0.13552296 | U14: 0.134433 | V14: =S14-U14 -> 0.0010899592
A15: Total | B15: =SUM(B3:B14) -> 32 | C15: =SUM(C3:C14) -> 33 | D15: =SUM(D3:D14) -> 49 | E15: =SUM(E3:E14) -> 48 | F15: =SUM(F3:F14) -> 48 | I15: 4xL1 | J15: =J14 -> 4 | K15: =K14 -> 9 | L15: =L14 -> 33 | M15: =M14 -> 34 | N15: =F15-N14 -> 43 | O15: =PRODUCT(J15:N15) -> 1736856 | P15: =O15/$B$16 -> 0.014568718 | Q15: =P15*$A$19 -> 0.29137436 | R15: =Q15*C26 -> 2.0396205 | S15: =R15/$B$19 -> 0.20396205 | U15: 0.20189186 | V15: =S15-U15 -> 0.0020701956
A16: Total Cycles | B16: =PRODUCT(B15:F15) -> 119218176 | I16: 3xL1 | J16: =J14 -> 4 | K16: =K14 -> 9 | L16: =L14 -> 33 | M16: =E15-M14 -> 14 | N16: =F15 -> 48 | O16: =PRODUCT(J16:N16) -> 798336 | P16: =O16/$B$16 -> 0.0066964286 | Q16: =P16*$A$19 -> 0.13392857 | R16: =Q16*D26 -> 0.26785714 | S16: =R16/$B$19 -> 0.026785714 | U16: 0.026551312 | V16: =S16-U16 -> 0.00023440229
I17: 5xL2 | J17: =B3+B9 -> 7 | K17: =C3+C9 -> 3 | L17: =D3+D9 -> 31 | M17: =E3+E9 -> 28 | N17: =F3+F9 -> 6 | O17: =PRODUCT(J17:N17) -> 109368 | P17: =O17/$B$16 -> 0.00091737689 | Q17: =P17*$A$19 -> 0.018347538 | R17: =Q17*B27 -> 0.45868845 | S17: =R17/$B$19 -> 0.045868845 | U17: 0.045273475 | V17: =S17-U17 -> 0.0005953697
A18: Total Lines | B18: Wage | I18: 4xL2 | J18: =J17 -> 7 | K18: =K17 -> 3 | L18: =L17 -> 31 | M18: =M17 -> 28 | N18: =F15-N17 -> 42 | O18: =PRODUCT(J18:N18) -> 765576 | P18: =O18/$B$16 -> 0.0064216383 | Q18: =P18*$A$19 -> 0.12843277 | R18: =Q18*C27 -> 0.64216383 | S18: =R18/$B$19 -> 0.064216383 | U18: 0.063422615 | V18: =S18-U18 -> 0.00079376758
A19: 20 | B19: 10 | I19: 3xL2 | J19: =J17 -> 7 | K19: =K17 -> 3 | L19: =L17 -> 31 | M19: =E15-M17 -> 20 | N19: =F15 -> 48 | O19: =PRODUCT(J19:N19) -> 624960 | P19: =O19/$B$16 -> 0.0052421537 | Q19: =P19*$A$19 -> 0.10484307 | R19: =Q19*D27 -> 0.20968615 | S19: =R19/$B$19 -> 0.020968615 | U19: 0.02073553 | V19: =S19-U19 -> 0.00023308472
I20: 5xL3 | J20: =B3+B10 -> 7 | K20: =C3+C10 -> 3 | L20: =D3+D10 -> 31 | M20: =E3+E10 -> 30 | N20: =F3+F10 -> 6 | O20: =PRODUCT(J20:N20) -> 117180 | P20: =O20/$B$16 -> 0.00098290381 | Q20: =P20*$A$19 -> 0.019658076 | R20: =Q20*B28 -> 0.49145191 | S20: =R20/$B$19 -> 0.049145191 | U20: 0.048552025 | V20: =S20-U20 -> 0.00059316575
A21: Symbol | B21: 5 OAK | C21: 4 OAK | D21: 3 OAK | I21: 4xL3 | J21: =J20 -> 7 | K21: =K20 -> 3 | L21: =L20 -> 31 | M21: =M20 -> 30 | N21: =F15-N20 -> 42 | O21: =PRODUCT(J21:N21) -> 820260 | P21: =O21/$B$16 -> 0.0068803267 | Q21: =P21*$A$19 -> 0.13760653 | R21: =Q21*C28 -> 0.68803267 | S21: =R21/$B$19 -> 0.068803267 | U21: 0.067928595 | V21: =S21-U21 -> 0.00087467205
A22: H1 | B22: 75 | C22: 25 | D22: 2 | I22: 3xL3 | J22: =J20 -> 7 | K22: =K20 -> 3 | L22: =L20 -> 31 | M22: =E15-M20 -> 18 | N22: =F15 -> 48 | O22: =PRODUCT(J22:N22) -> 562464 | P22: =O22/$B$16 -> 0.0047179383 | Q22: =P22*$A$19 -> 0.094358766 | R22: =Q22*D28 -> 0.18871753 | S22: =R22/$B$19 -> 0.018871753 | U22: 0.018654278 | V22: =S22-U22 -> 0.00021747525
A23: H2 | B23: 50 | C23: 12 | D23: 2 | I23: 5xL4 | J23: =B3+B11 -> 2 | K23: =C3+C11 -> 7 | L23: =D3+D11 -> 29 | M23: =E3+E11 -> 28 | N23: =F3+F11 -> 6 | O23: =PRODUCT(J23:N23) -> 68208 | P23: =O23/$B$16 -> 0.00057212753 | Q23: =P23*$A$19 -> 0.011442551 | R23: =Q23*B29 -> 0.28606376 | S23: =R23/$B$19 -> 0.028606376 | U23: 0.0282177 | V23: =S23-U23 -> 0.00038867626
A24: H3 | B24: 50 | C24: 12 | D24: 2 | I24: 4xL4 | J24: =J23 -> 2 | K24: =K23 -> 7 | L24: =L23 -> 29 | M24: =M23 -> 28 | N24: =F15-N23 -> 42 | O24: =PRODUCT(J24:N24) -> 477456 | P24: =O24/$B$16 -> 0.0040048927 | Q24: =P24*$A$19 -> 0.080097854 | R24: =Q24*C29 -> 0.40048927 | S24: =R24/$B$19 -> 0.040048927 | U24: 0.03949486 | V24: =S24-U24 -> 0.00055406677
A25: H4 | B25: 50 | C25: 12 | D25: 2 | I25: 3xL4 | J25: =J23 -> 2 | K25: =K23 -> 7 | L25: =L23 -> 29 | M25: =E15-M23 -> 20 | N25: =F15 -> 48 | O25: =PRODUCT(J25:N25) -> 389760 | P25: =O25/$B$16 -> 0.0032693001 | Q25: =P25*$A$19 -> 0.065386003 | R25: =Q25*D29 -> 0.13077201 | S25: =R25/$B$19 -> 0.013077201 | U25: 0.012893874 | V25: =S25-U25 -> 0.00018332658
A26: L1 | B26: 40 | C26: 7 | D26: 2 | I26: 5xL5 | J26: =B3+B12 -> 2 | K26: =C3+C12 -> 7 | L26: =D3+D12 -> 29 | M26: =E3+E12 -> 32 | N26: =F3+F12 -> 6 | O26: =PRODUCT(J26:N26) -> 77952 | P26: =O26/$B$16 -> 0.00065386003 | Q26: =P26*$A$19 -> 0.013077201 | R26: =Q26*B30 -> 0.32693001 | S26: =R26/$B$19 -> 0.032693001 | U26: 0.032289325 | V26: =S26-U26 -> 0.00040367644
A27: L2 | B27: 25 | C27: 5 | D27: 2 | I27: 4xL5 | J27: =J26 -> 2 | K27: =K26 -> 7 | L27: =L26 -> 29 | M27: =M26 -> 32 | N27: =F15-N26 -> 42 | O27: =PRODUCT(J27:N27) -> 545664 | P27: =O27/$B$16 -> 0.0045770202 | Q27: =P27*$A$19 -> 0.091540404 | R27: =Q27*C30 -> 0.45770202 | S27: =R27/$B$19 -> 0.045770202 | U27: 0.04506687 | V27: =S27-U27 -> 0.00070333202
A28: L3 | B28: 25 | C28: 5 | D28: 2 | I28: 3xL5 | J28: =J26 -> 2 | K28: =K26 -> 7 | L28: =L26 -> 29 | M28: =E15-M26 -> 16 | N28: =F15 -> 48 | O28: =PRODUCT(J28:N28) -> 311808 | P28: =O28/$B$16 -> 0.0026154401 | Q28: =P28*$A$19 -> 0.052308802 | R28: =Q28*D30 -> 0.1046176 | S28: =R28/$B$19 -> 0.01046176 | U28: 0.010308826 | V28: =S28-U28 -> 0.00015293446
A29: L4 | B29: 25 | C29: 5 | D29: 2 | S29: =SUM(S2:S28) -> 1.1631039 | U29: =SUM(U2:U28) -> 1.1498101 | V29: =S29-U29 -> 0.013293756
A30: L5 | B30: 25 | C30: 5 | D30: 2

Sheet Step-2
A1: Symbol Set Population | B1: Symbol Set Population | C1: Symbol Set Population | D1: Symbol Set Population | E1: Symbol Set Population | F1: Symbol Set Population | I1: Prize | J1: R1 | K1: R2 | L1: R3 | M1: R4 | N1: R5 | O1: HITS | P1: Hit Rate | Q1: Total Hit Rate | R1: RTP(%) | S1: RTP(%) 1c | U1: Sim RTP | V1: Delta
A2: Symbol | B2: BaseRS11R0 | C2: BaseRS11R1 | D2: BaseRS11R2 | E2: BaseRS11R3 | F2: BaseRS11R4 | I2: 5xH1 | J2: =B3+B4 -> 2 | K2: =C3+C4 -> 1 | L2: =D3+D4 -> 9 | M2: =E3+E4 -> 32 | N2: =F3+F4 -> 3 | O2: =PRODUCT(J2:N2) -> 1728 | P2: =O2/$B$19 -> 2.7316434e-05 | Q2: =P2*$A$22 -> 0.00054632867 | R2: =Q2*B25 -> 0.04097465 | S2: =R2/$B$22 -> 0.004097465 | U2: 0.0041211 | V2: =S2-U2 -> -2.3634965e-05
A3: WD | B3: 0 | C3: 1 | D3: 3 | E3: 28 | F3: 0 | I3: 4xH1 | J3: =J2 -> 2 | K3: =K2 -> 1 | L3: =L2 -> 9 | M3: =M2 -> 32 | N3: =F18-N2 -> 45 | O3: =PRODUCT(J3:N3) -> 25920 | P3: =O3/$B$19 -> 0.0004097465 | Q3: =P3*$A$22 -> 0.0081949301 | R3: =Q3*C25 -> 0.20487325 | S3: =R3/$B$22 -> 0.020487325 | U3: 0.020463525 | V3: =S3-U3 -> 2.3800175e-05
A4: H1 | B4: 2 | C4: 0 | D4: 6 | E4: 4 | F4: 3 | I4: 3xH1 | J4: =J2 -> 2 | K4: =K2 -> 1 | L4: =L2 -> 9 | M4: =E18-M2 -> 16 | N4: 48 | O4: =PRODUCT(J4:N4) -> 13824 | P4: =O4/$B$19 -> 0.00021853147 | Q4: =P4*$A$22 -> 0.0043706294 | R4: =Q4*D25 -> 0.0087412587 | S4: =R4/$B$22 -> 0.00087412587 | U4: 0.000871696 | V4: =S4-U4 -> 2.4298741e-06
A5: H2 | B5: 3 | C5: 0 | D5: 4 | E5: 4 | F5: 4 | I5: 5xH2 | J5: =B3+B5 -> 3 | K5: =C3+C5 -> 1 | L5: =D3+D5 -> 7 | M5: =E3+E5 -> 32 | N5: =F3+F5 -> 4 | O5: =PRODUCT(J5:N5) -> 2688 | P5: =O5/$B$19 -> 4.249223e-05 | Q5: =P5*$A$22 -> 0.0008498446 | R5: =Q5*B26 -> 0.04249223 | S5: =R5/$B$22 -> 0.004249223 | U5: 0.00429295 | V5: =S5-U5 -> -4.3727001e-05
A6: H3 | B6: 3 | C6: 0 | D6: 0 | E6: 0 | F6: 6 | I6: 4xH2 | J6: =J5 -> 3 | K6: =K5 -> 1 | L6: =L5 -> 7 | M6: =M5 -> 32 | N6: =F18-N5 -> 44 | O6: =PRODUCT(J6:N6) -> 29568 | P6: =O6/$B$19 -> 0.00046741453 | Q6: =P6*$A$22 -> 0.0093482906 | R6: =Q6*C26 -> 0.11217949 | S6: =R6/$B$22 -> 0.011217949 | U6: 0.011234016 | V6: =S6-U6 -> -1.6067282e-05
A7: H4 | B7: 2 | C7: 8 | D7: 2 | E7: 0 | F7: 6 | I7: 3xH2 | J7: =J5 -> 3 | K7: =K5 -> 1 | L7: =L5 -> 7 | M7: =$E$18-$E$3-$E$5 -> 16 | N7: =F18 -> 48 | O7: =PRODUCT(J7:N7) -> 16128 | P7: =O7/$B$19 -> 0.00025495338 | Q7: =P7*$A$22 -> 0.0050990676 | R7: =Q7*D26 -> 0.010198135 | S7: =R7/$B$22 -> 0.0010198135 | U7: 0.001021698 | V7: =S7-U7 -> -1.8844802e-06
A8: L1 | B8: 4 | C8: 8 | D8: 4 | E8: 6 | F8: 5 | I8: 5xH3 | J8: =B3+B6 -> 3 | K8: =C3+C6 -> 1 | L8: =D3+D6 -> 3 | M8: =E3+E6 -> 28 | N8: =F3+F6 -> 6 | O8: =PRODUCT(J8:N8) -> 1512 | P8: =O8/$B$19 -> 2.3901879e-05 | Q8: =P8*$A$22 -> 0.00047803759 | R8: =Q8*B27 -> 0.023901879 | S8: =R8/$B$22 -> 0.0023901879 | U8: 0.00239075 | V8: =S8-U8 -> -5.6206294e-07
A9: L2 | B9: 7 | C9: 2 | D9: 2 | E9: 0 | F9: 6 | I9: 4xH3 | J9: =J8 -> 3 | K9: =K8 -> 1 | L9: =L8 -> 3 | M9: =M8 -> 28 | N9: =F18-N8 -> 42 | O9: =PRODUCT(J9:N9) -> 10584 | P9: =O9/$B$19 -> 0.00016731316 | Q9: =P9*$A$22 -> 0.0033462631 | R9: =Q9*C27 -> 0.040155157 | S9: =R9/$B$22 -> 0.0040155157 | U9: 0.004002768 | V9: =S9-U9 -> 1.2747734e-05
A10: L3 | B10: 7 | C10: 2 | D10: 2 | E10: 2 | F10: 6 | I10: 3xH3 | J10: =J9 -> 3 | K10: =K9 -> 1 | L10: =L9 -> 3 | M10: =E18-M9 -> 20 | N10: =F18 -> 48 | O10: =PRODUCT(J10:N10) -> 8640 | P10: =O10/$B$19 -> 0.00013658217 | Q10: =P10*$A$22 -> 0.0027316434 | R10: =Q10*D27 -> 0.0054632867 | S10: =R10/$B$22 -> 0.00054632867 | U10: 0.000545842 | V10: =S10-U10 -> 4.8667133e-07
A11: L4 | B11: 2 | C11: 6 | D11: 0 | E11: 0 | F11: 6 | I11: 5xH4 | J11: =B3+B7 -> 2 | K11: =C3+C7 -> 9 | L11: =D3+D7 -> 5 | M11: =E3+E7 -> 28 | N11: =F3+F7 -> 6 | O11: =PRODUCT(J11:N11) -> 15120 | P11: =O11/$B$19 -> 0.00023901879 | Q11: =P11*$A$22 -> 0.0047803759 | R11: =Q11*B28 -> 0.23901879 | S11: =R11/$B$22 -> 0.023901879 | U11: 0.02390365 | V11: =S11-U11 -> -1.7706294e-06
A12: L5 | B12: 2 | C12: 6 | D12: 0 | E12: 4 | F12: 6 | I12: 4xH4 | J12: =J11 -> 2 | K12: =K11 -> 9 | L12: =L11 -> 5 | M12: =M11 -> 28 | N12: =F18-N11 -> 42 | O12: =PRODUCT(J12:N12) -> 105840 | P12: =O12/$B$19 -> 0.0016731316 | Q12: =P12*$A$22 -> 0.033462631 | R12: =Q12*C28 -> 0.40155157 | S12: =R12/$B$22 -> 0.040155157 | U12: 0.040128372 | V12: =S12-U12 -> 2.6785343e-05
A13: SC | B13: 0 | C13: 0 | D13: 0 | E13: 0 | F13: 0 | I13: 3xH4 | J13: =J12 -> 2 | K13: =K12 -> 9 | L13: =L12 -> 5 | M13: =E18-M11 -> 20 | N13: =F18 -> 48 | O13: =PRODUCT(J13:N13) -> 86400 | P13: =O13/$B$19 -> 0.0013658217 | Q13: =P13*$A$22 -> 0.027316434 | R13: =Q13*D28 -> 0.054632867 | S13: =R13/$B$22 -> 0.0054632867 | U13: 0.005466732 | V13: =S13-U13 -> -3.4452867e-06
A14: RS | B14: 0 | C14: 0 | D14: 3 | E14: 0 | F14: 0 | I14: 5xL1 | J14: =B3+B8 -> 4 | K14: =C3+C8 -> 9 | L14: =D3+D8 -> 7 | M14: =E3+E8 -> 34 | N14: =F3+F8 -> 5 | O14: =PRODUCT(J14:N14) -> 42840 | P14: =O14/$B$19 -> 0.00067721992 | Q14: =P14*$A$22 -> 0.013544398 | R14: =Q14*B29 -> 0.54177593 | S14: =R14/$B$22 -> 0.054177593 | U14: 0.05410784 | V14: =S14-U14 -> 6.975324e-05
A15: Collect | B15: 0 | C15: 0 | D15: 0 | E15: 0 | F15: 0 | I15: 4xL1 | J15: =J14 -> 4 | K15: =K14 -> 9 | L15: =L14 -> 7 | M15: =M14 -> 34 | N15: =F18-N14 -> 43 | O15: =PRODUCT(J15:N15) -> 368424 | P15: =O15/$B$19 -> 0.0058240913 | Q15: =P15*$A$22 -> 0.11648183 | R15: =Q15*C29 -> 0.81537278 | S15: =R15/$B$22 -> 0.081537278 | U15: 0.081502519 | V15: =S15-U15 -> 3.4758826e-05
A16: Coin | B16: 0 | C16: 0 | D16: 0 | E16: 0 | F16: 0 | I16: 3xL1 | J16: =J14 -> 4 | K16: =K14 -> 9 | L16: =L14 -> 7 | M16: =E18-M14 -> 14 | N16: =F18 -> 48 | O16: =PRODUCT(J16:N16) -> 169344 | P16: =O16/$B$19 -> 0.0026770105 | Q16: =P16*$A$22 -> 0.05354021 | R16: =Q16*D29 -> 0.10708042 | S16: =R16/$B$22 -> 0.010708042 | U16: 0.010700866 | V16: =S16-U16 -> 7.175958e-06
A17: Res1 | B17: 0 | C17: 0 | D17: 0 | E17: 0 | F17: 0 | I17: 5xL2 | J17: =B3+B9 -> 7 | K17: =C3+C9 -> 3 | L17: =D3+D9 -> 5 | M17: =E3+E9 -> 28 | N17: =F3+F9 -> 6 | O17: =PRODUCT(J17:N17) -> 17640 | P17: =O17/$B$19 -> 0.00027885526 | Q17: =P17*$A$22 -> 0.0055771052 | R17: =Q17*B30 -> 0.13942763 | S17: =R17/$B$22 -> 0.013942763 | U17: 0.013933525 | V17: =S17-U17 -> 9.2379662e-06
A18: Total | B18: =SUM(B3:B17) -> 32 | C18: =SUM(C3:C17) -> 33 | D18: =SUM(D3:D17) -> 26 | E18: =SUM(E3:E17) -> 48 | F18: =SUM(F3:F17) -> 48 | I18: 4xL2 | J18: =J17 -> 7 | K18: =K17 -> 3 | L18: =L17 -> 5 | M18: =M17 -> 28 | N18: =F18-N17 -> 42 | O18: =PRODUCT(J18:N18) -> 123480 | P18: =O18/$B$19 -> 0.0019519868 | Q18: =P18*$A$22 -> 0.039039736 | R18: =Q18*C30 -> 0.19519868 | S18: =R18/$B$22 -> 0.019519868 | U18: 0.019495525 | V18: =S18-U18 -> 2.4343153e-05
A19: Total Cycles | B19: =PRODUCT(B18:F18) -> 63258624 | I19: 3xL2 | J19: =J17 -> 7 | K19: =K17 -> 3 | L19: =L17 -> 5 | M19: =E18-M17 -> 20 | N19: =F18 -> 48 | O19: =PRODUCT(J19:N19) -> 100800 | P19: =O19/$B$19 -> 0.0015934586 | Q19: =P19*$A$22 -> 0.031869172 | R19: =Q19*D30 -> 0.063738345 | S19: =R19/$B$22 -> 0.0063738345 | U19: 0.006372432 | V19: =S19-U19 -> 1.4024988e-06
I20: 5xL3 | J20: =B3+B10 -> 7 | K20: =C3+C10 -> 3 | L20: =D3+D10 -> 5 | M20: =E3+E10 -> 30 | N20: =F3+F10 -> 6 | O20: =PRODUCT(J20:N20) -> 18900 | P20: =O20/$B$19 -> 0.00029877349 | Q20: =P20*$A$22 -> 0.0059754698 | R20: =Q20*B31 -> 0.14938675 | S20: =R20/$B$22 -> 0.014938675 | U20: 0.014947475 | V20: =S20-U20 -> -8.8003934e-06
A21: Total Lines | B21: Wage | I21: 4xL3 | J21: =J20 -> 7 | K21: =K20 -> 3 | L21: =L20 -> 5 | M21: =M20 -> 30 | N21: =F18-N20 -> 42 | O21: =PRODUCT(J21:N21) -> 132300 | P21: =O21/$B$19 -> 0.0020914144 | Q21: =P21*$A$22 -> 0.041828289 | R21: =Q21*C31 -> 0.20914144 | S21: =R21/$B$22 -> 0.020914144 | U21: 0.020911275 | V21: =S21-U21 -> 2.8694493e-06
A22: 20 | B22: 10 | I22: 3xL3 | J22: =J20 -> 7 | K22: =K20 -> 3 | L22: =L20 -> 5 | M22: =E18-M20 -> 18 | N22: =F18 -> 48 | O22: =PRODUCT(J22:N22) -> 90720 | P22: =O22/$B$19 -> 0.0014341128 | Q22: =P22*$A$22 -> 0.028682255 | R22: =Q22*D31 -> 0.05736451 | S22: =R22/$B$22 -> 0.005736451 | U22: 0.005738548 | V22: =S22-U22 -> -2.096951e-06
I23: 5xL4 | J23: =B3+B11 -> 2 | K23: =C3+C11 -> 7 | L23: =D3+D11 -> 3 | M23: =E3+E11 -> 28 | N23: =F3+F11 -> 6 | O23: =PRODUCT(J23:N23) -> 7056 | P23: =O23/$B$19 -> 0.0001115421 | Q23: =P23*$A$22 -> 0.0022308421 | R23: =Q23*B32 -> 0.055771052 | S23: =R23/$B$22 -> 0.0055771052 | U23: 0.0055654 | V23: =S23-U23 -> 1.1705186e-05
A24: Symbol | B24: 5 OAK | C24: 4 OAK | D24: 3 OAK | I24: 4xL4 | J24: =J23 -> 2 | K24: =K23 -> 7 | L24: =L23 -> 3 | M24: =M23 -> 28 | N24: =F18-N23 -> 42 | O24: =PRODUCT(J24:N24) -> 49392 | P24: =O24/$B$19 -> 0.00078079473 | Q24: =P24*$A$22 -> 0.015615895 | R24: =Q24*C32 -> 0.078079473 | S24: =R24/$B$22 -> 0.0078079473 | U24: 0.00780677 | V24: =S24-U24 -> 1.1772611e-06
A25: H1 | B25: 75 | C25: 25 | D25: 2 | I25: 3xL4 | J25: =J23 -> 2 | K25: =K23 -> 7 | L25: =L23 -> 3 | M25: =E18-M23 -> 20 | N25: =F18 -> 48 | O25: =PRODUCT(J25:N25) -> 40320 | P25: =O25/$B$19 -> 0.00063738345 | Q25: =P25*$A$22 -> 0.012747669 | R25: =Q25*D32 -> 0.025495338 | S25: =R25/$B$22 -> 0.0025495338 | U25: 0.002547274 | V25: =S25-U25 -> 2.2597995e-06
A26: H2 | B26: 50 | C26: 12 | D26: 2 | I26: 5xL5 | J26: =B3+B12 -> 2 | K26: =C3+C12 -> 7 | L26: =D3+D12 -> 3 | M26: =E3+E12 -> 32 | N26: =F3+F12 -> 6 | O26: =PRODUCT(J26:N26) -> 8064 | P26: =O26/$B$19 -> 0.00012747669 | Q26: =P26*$A$22 -> 0.0025495338 | R26: =Q26*B33 -> 0.063738345 | S26: =R26/$B$22 -> 0.0063738345 | U26: 0.00637275 | V26: =S26-U26 -> 1.0844988e-06
A27: H3 | B27: 50 | C27: 12 | D27: 2 | I27: 4xL5 | J27: =J26 -> 2 | K27: =K26 -> 7 | L27: =L26 -> 3 | M27: =M26 -> 32 | N27: =F18-N26 -> 42 | O27: =PRODUCT(J27:N27) -> 56448 | P27: =O27/$B$19 -> 0.00089233683 | Q27: =P27*$A$22 -> 0.017846737 | R27: =Q27*C33 -> 0.089233683 | S27: =R27/$B$22 -> 0.0089233683 | U27: 0.00892398 | V27: =S27-U27 -> -6.1170163e-07
A28: H4 | B28: 50 | C28: 12 | D28: 2 | I28: 3xL5 | J28: =J26 -> 2 | K28: =K26 -> 7 | L28: =L26 -> 3 | M28: =E18-M26 -> 16 | N28: =F18 -> 48 | O28: =PRODUCT(J28:N28) -> 32256 | P28: =O28/$B$19 -> 0.00050990676 | Q28: =P28*$A$22 -> 0.010198135 | R28: =Q28*D33 -> 0.02039627 | S28: =R28/$B$22 -> 0.002039627 | U28: 0.002040074 | V28: =S28-U28 -> -4.4696037e-07
A29: L1 | B29: 40 | C29: 7 | D29: 2 | S29: =SUM(S2:S28) -> 0.37953832 | U29: =SUM(U2:U28) -> 0.37940935 | V29: =S29-U29 -> 0.00012896992
A30: L2 | B30: 25 | C30: 5 | D30: 2
A31: L3 | B31: 25 | C31: 5 | D31: 2
A32: L4 | B32: 25 | C32: 5 | D32: 2 | I32: H1,H1,RS,Any,Any | J32: =$B$3+$B$4 -> 2 | K32: =$C$3+$C$4 -> 1 | L32: =D14 -> 3 | M32: =$E$18 -> 48 | N32: =$F$18 -> 48 | O32: =PRODUCT(J32:N32) -> 13824 | P32: =O32/$B$19 -> 0.00021853147
A33: L5 | B33: 25 | C33: 5 | D33: 2 | I33: H2,H2,RS,Any,Any | J33: =$B$3+$B$5 -> 3 | K33: =$C$3+$C$5 -> 1 | L33: =$D$14 -> 3 | M33: =$E$18 -> 48 | N33: =$F$18 -> 48 | O33: =PRODUCT(J33:N33) -> 20736 | P33: =O33/$B$19 -> 0.0003277972
I34: H3,H3,RS,Any,Any | J34: =$B$3+$B$6 -> 3 | K34: =$C$3+C6 -> 1 | L34: =$D$14 -> 3 | M34: =$E$18 -> 48 | N34: =$F$18 -> 48 | O34: =PRODUCT(J34:N34) -> 20736 | P34: =O34/$B$19 -> 0.0003277972
I35: H4,H4,RS,Any,Any | J35: =$B$3+$B$7 -> 2 | K35: =$C$3+$C$7 -> 9 | L35: =$D$14 -> 3 | M35: =$E$18 -> 48 | N35: =$F$18 -> 48 | O35: =PRODUCT(J35:N35) -> 124416 | P35: =O35/$B$19 -> 0.0019667832
I36: L1,L1,RS,Any,Any | J36: =B3+B8 -> 4 | K36: =$C$3+$C$8 -> 9 | L36: =$D$14 -> 3 | M36: =$E$18 -> 48 | N36: =$F$18 -> 48 | O36: =PRODUCT(J36:N36) -> 248832 | P36: =O36/$B$19 -> 0.0039335664
A37: Choices | B37: Prob | C37: RTP | I37: L2,L2,RS,Any,Any | J37: =B3+B9 -> 7 | K37: =$C$3+$C$9 -> 3 | L37: =$D$14 -> 3 | M37: =$E$18 -> 48 | N37: =$F$18 -> 48 | O37: =PRODUCT(J37:N37) -> 145152 | P37: =O37/$B$19 -> 0.0022945804
A38: SC | B38: 1 | C38: =$S$29 -> 0.37953832 | D38: =B38*C38/$B$40 -> 0.18976916 | I38: L3,L3,RS,Any,Any | J38: =$B$3+$B$10 -> 7 | K38: =$C$3+$C$10 -> 3 | L38: =$D$14 -> 3 | M38: =$E$18 -> 48 | N38: =$F$18 -> 48 | O38: =PRODUCT(J38:N38) -> 145152 | P38: =O38/$B$19 -> 0.0022945804
A39: WD | B39: 1 | C39: ='Step-1'!S29 -> 1.1631039 | D39: =B39*C39/$B$40 -> 0.58155193 | I39: L4,L4,RS,Any,Any | J39: =$B$3+$B$11 -> 2 | K39: =$C$3+$C$11 -> 7 | L39: =$D$14 -> 3 | M39: =$E$18 -> 48 | N39: =$F$18 -> 48 | O39: =PRODUCT(J39:N39) -> 96768 | P39: =O39/$B$19 -> 0.0015297203
B40: =SUM(B38:B39) -> 2 | D40: =SUM(D38:D39) -> 0.77132109 | I40: L5,L5,RS,Any,Any | J40: =$B$3+$B$12 -> 2 | K40: =$C$3+$C$12 -> 7 | L40: =$D$14 -> 3 | M40: =$E$18 -> 48 | N40: =$F$18 -> 48 | O40: =PRODUCT(J40:N40) -> 96768 | P40: =O40/$B$19 -> 0.0015297203
O41: =SUM(O32:O40) -> 912384 | P41: =SUM(P32:P40) -> 0.014423077

Sheet Step-2B
A1: Symbol Set Population | B1: Symbol Set Population | C1: Symbol Set Population | D1: Symbol Set Population | E1: Symbol Set Population | F1: Symbol Set Population | I1: Prize | J1: R1 | K1: R2 | L1: R3 | M1: R4 | N1: R5 | O1: HITS | P1: Hit Rate | Q1: Total Hit Rate | R1: RTP(%) | S1: RTP(%) 1c
A2: Symbol | B2: BaseRS11R0 | C2: BaseRS11R1 | D2: BaseRS11R2 | E2: BaseRS11R3 | F2: BaseRS11R4 | I2: 5xH1 | J2: =B3+B4 -> 2 | K2: =C3+C4 -> 1 | L2: =D3+D4 -> 12 | M2: =E3+E4 -> 32 | N2: =F3+F4 -> 3 | O2: =PRODUCT(J2:N2) -> 2304 | P2: =O2/$B$19 -> 3.6421911e-05 | Q2: =P2*$A$22 -> 0.00072843823 | R2: =Q2*B25 -> 0.054632867 | S2: =R2/$B$22 -> 0.0054632867
A3: WD | B3: 0 | C3: 1 | D3: 6 | E3: 28 | F3: 0 | I3: 4xH1 | J3: =J2 -> 2 | K3: =K2 -> 1 | L3: =L2 -> 12 | M3: =M2 -> 32 | N3: =F18-N2 -> 45 | O3: =PRODUCT(J3:N3) -> 34560 | P3: =O3/$B$19 -> 0.00054632867 | Q3: =P3*$A$22 -> 0.010926573 | R3: =Q3*C25 -> 0.27316434 | S3: =R3/$B$22 -> 0.027316434
A4: H1 | B4: 2 | C4: 0 | D4: 6 | E4: 4 | F4: 3 | I4: 3xH1 | J4: =J2 -> 2 | K4: =K2 -> 1 | L4: =L2 -> 12 | M4: =E18-M2 -> 16 | N4: 48 | O4: =PRODUCT(J4:N4) -> 18432 | P4: =O4/$B$19 -> 0.00029137529 | Q4: =P4*$A$22 -> 0.0058275058 | R4: =Q4*D25 -> 0.011655012 | S4: =R4/$B$22 -> 0.0011655012
A5: H2 | B5: 3 | C5: 0 | D5: 4 | E5: 4 | F5: 4 | I5: 5xH2 | J5: =B3+B5 -> 3 | K5: =C3+C5 -> 1 | L5: =D3+D5 -> 10 | M5: =E3+E5 -> 32 | N5: =F3+F5 -> 4 | O5: =PRODUCT(J5:N5) -> 3840 | P5: =O5/$B$19 -> 6.0703186e-05 | Q5: =P5*$A$22 -> 0.0012140637 | R5: =Q5*B26 -> 0.060703186 | S5: =R5/$B$22 -> 0.0060703186
A6: H3 | B6: 3 | C6: 0 | D6: 0 | E6: 0 | F6: 6 | I6: 4xH2 | J6: =J5 -> 3 | K6: =K5 -> 1 | L6: =L5 -> 10 | M6: =M5 -> 32 | N6: =F18-N5 -> 44 | O6: =PRODUCT(J6:N6) -> 42240 | P6: =O6/$B$19 -> 0.00066773504 | Q6: =P6*$A$22 -> 0.013354701 | R6: =Q6*C26 -> 0.16025641 | S6: =R6/$B$22 -> 0.016025641
A7: H4 | B7: 2 | C7: 8 | D7: 2 | E7: 0 | F7: 6 | I7: 3xH2 | J7: =J5 -> 3 | K7: =K5 -> 1 | L7: =L5 -> 10 | M7: =$E$18-$E$3-$E$5 -> 16 | N7: =F18 -> 48 | O7: =PRODUCT(J7:N7) -> 23040 | P7: =O7/$B$19 -> 0.00036421911 | Q7: =P7*$A$22 -> 0.0072843823 | R7: =Q7*D26 -> 0.014568765 | S7: =R7/$B$22 -> 0.0014568765
A8: L1 | B8: 4 | C8: 8 | D8: 4 | E8: 6 | F8: 5 | I8: 5xH3 | J8: =B3+B6 -> 3 | K8: =C3+C6 -> 1 | L8: =D3+D6 -> 6 | M8: =E3+E6 -> 28 | N8: =F3+F6 -> 6 | O8: =PRODUCT(J8:N8) -> 3024 | P8: =O8/$B$19 -> 4.7803759e-05 | Q8: =P8*$A$22 -> 0.00095607517 | R8: =Q8*B27 -> 0.047803759 | S8: =R8/$B$22 -> 0.0047803759
A9: L2 | B9: 7 | C9: 2 | D9: 2 | E9: 0 | F9: 6 | I9: 4xH3 | J9: =J8 -> 3 | K9: =K8 -> 1 | L9: =L8 -> 6 | M9: =M8 -> 28 | N9: =F18-N8 -> 42 | O9: =PRODUCT(J9:N9) -> 21168 | P9: =O9/$B$19 -> 0.00033462631 | Q9: =P9*$A$22 -> 0.0066925262 | R9: =Q9*C27 -> 0.080310315 | S9: =R9/$B$22 -> 0.0080310315
A10: L3 | B10: 7 | C10: 2 | D10: 2 | E10: 2 | F10: 6 | I10: 3xH3 | J10: =J9 -> 3 | K10: =K9 -> 1 | L10: =L9 -> 6 | M10: =E18-M9 -> 20 | N10: =F18 -> 48 | O10: =PRODUCT(J10:N10) -> 17280 | P10: =O10/$B$19 -> 0.00027316434 | Q10: =P10*$A$22 -> 0.0054632867 | R10: =Q10*D27 -> 0.010926573 | S10: =R10/$B$22 -> 0.0010926573
A11: L4 | B11: 2 | C11: 6 | D11: 0 | E11: 0 | F11: 6 | I11: 5xH4 | J11: =B3+B7 -> 2 | K11: =C3+C7 -> 9 | L11: =D3+D7 -> 8 | M11: =E3+E7 -> 28 | N11: =F3+F7 -> 6 | O11: =PRODUCT(J11:N11) -> 24192 | P11: =O11/$B$19 -> 0.00038243007 | Q11: =P11*$A$22 -> 0.0076486014 | R11: =Q11*B28 -> 0.38243007 | S11: =R11/$B$22 -> 0.038243007
A12: L5 | B12: 2 | C12: 6 | D12: 0 | E12: 4 | F12: 6 | I12: 4xH4 | J12: =J11 -> 2 | K12: =K11 -> 9 | L12: =L11 -> 8 | M12: =M11 -> 28 | N12: =F18-N11 -> 42 | O12: =PRODUCT(J12:N12) -> 169344 | P12: =O12/$B$19 -> 0.0026770105 | Q12: =P12*$A$22 -> 0.05354021 | R12: =Q12*C28 -> 0.64248252 | S12: =R12/$B$22 -> 0.064248252
A13: SC | B13: 0 | C13: 0 | D13: 0 | E13: 0 | F13: 0 | I13: 3xH4 | J13: =J12 -> 2 | K13: =K12 -> 9 | L13: =L12 -> 8 | M13: =E18-M11 -> 20 | N13: =F18 -> 48 | O13: =PRODUCT(J13:N13) -> 138240 | P13: =O13/$B$19 -> 0.0021853147 | Q13: =P13*$A$22 -> 0.043706294 | R13: =Q13*D28 -> 0.087412587 | S13: =R13/$B$22 -> 0.0087412587
A14: RS | B14: 0 | C14: 0 | D14: 0 | E14: 0 | F14: 0 | I14: 5xL1 | J14: =B3+B8 -> 4 | K14: =C3+C8 -> 9 | L14: =D3+D8 -> 10 | M14: =E3+E8 -> 34 | N14: =F3+F8 -> 5 | O14: =PRODUCT(J14:N14) -> 61200 | P14: =O14/$B$19 -> 0.00096745702 | Q14: =P14*$A$22 -> 0.01934914 | R14: =Q14*B29 -> 0.77396562 | S14: =R14/$B$22 -> 0.077396562
A15: Collect | B15: 0 | C15: 0 | D15: 0 | E15: 0 | F15: 0 | I15: 4xL1 | J15: =J14 -> 4 | K15: =K14 -> 9 | L15: =L14 -> 10 | M15: =M14 -> 34 | N15: =F18-N14 -> 43 | O15: =PRODUCT(J15:N15) -> 526320 | P15: =O15/$B$19 -> 0.0083201304 | Q15: =P15*$A$22 -> 0.16640261 | R15: =Q15*C29 -> 1.1648183 | S15: =R15/$B$22 -> 0.11648183
A16: Coin | B16: 0 | C16: 0 | D16: 0 | E16: 0 | F16: 0 | I16: 3xL1 | J16: =J14 -> 4 | K16: =K14 -> 9 | L16: =L14 -> 10 | M16: =E18-M14 -> 14 | N16: =F18 -> 48 | O16: =PRODUCT(J16:N16) -> 241920 | P16: =O16/$B$19 -> 0.0038243007 | Q16: =P16*$A$22 -> 0.076486014 | R16: =Q16*D29 -> 0.15297203 | S16: =R16/$B$22 -> 0.015297203
A17: Res1 | B17: 0 | C17: 0 | D17: 0 | E17: 0 | F17: 0 | I17: 5xL2 | J17: =B3+B9 -> 7 | K17: =C3+C9 -> 3 | L17: =D3+D9 -> 8 | M17: =E3+E9 -> 28 | N17: =F3+F9 -> 6 | O17: =PRODUCT(J17:N17) -> 28224 | P17: =O17/$B$19 -> 0.00044616841 | Q17: =P17*$A$22 -> 0.0089233683 | R17: =Q17*B30 -> 0.22308421 | S17: =R17/$B$22 -> 0.022308421
A18: Total | B18: =SUM(B3:B17) -> 32 | C18: =SUM(C3:C17) -> 33 | D18: =SUM(D3:D17) -> 26 | E18: =SUM(E3:E17) -> 48 | F18: =SUM(F3:F17) -> 48 | I18: 4xL2 | J18: =J17 -> 7 | K18: =K17 -> 3 | L18: =L17 -> 8 | M18: =M17 -> 28 | N18: =F18-N17 -> 42 | O18: =PRODUCT(J18:N18) -> 197568 | P18: =O18/$B$19 -> 0.0031231789 | Q18: =P18*$A$22 -> 0.062463578 | R18: =Q18*C30 -> 0.31231789 | S18: =R18/$B$22 -> 0.031231789
A19: Total Cycles | B19: =PRODUCT(B18:F18) -> 63258624 | I19: 3xL2 | J19: =J17 -> 7 | K19: =K17 -> 3 | L19: =L17 -> 8 | M19: =E18-M17 -> 20 | N19: =F18 -> 48 | O19: =PRODUCT(J19:N19) -> 161280 | P19: =O19/$B$19 -> 0.0025495338 | Q19: =P19*$A$22 -> 0.050990676 | R19: =Q19*D30 -> 0.10198135 | S19: =R19/$B$22 -> 0.010198135
I20: 5xL3 | J20: =B3+B10 -> 7 | K20: =C3+C10 -> 3 | L20: =D3+D10 -> 8 | M20: =E3+E10 -> 30 | N20: =F3+F10 -> 6 | O20: =PRODUCT(J20:N20) -> 30240 | P20: =O20/$B$19 -> 0.00047803759 | Q20: =P20*$A$22 -> 0.0095607517 | R20: =Q20*B31 -> 0.23901879 | S20: =R20/$B$22 -> 0.023901879
A21: Total Lines | B21: Wage | I21: 4xL3 | J21: =J20 -> 7 | K21: =K20 -> 3 | L21: =L20 -> 8 | M21: =M20 -> 30 | N21: =F18-N20 -> 42 | O21: =PRODUCT(J21:N21) -> 211680 | P21: =O21/$B$19 -> 0.0033462631 | Q21: =P21*$A$22 -> 0.066925262 | R21: =Q21*C31 -> 0.33462631 | S21: =R21/$B$22 -> 0.033462631
A22: 20 | B22: 10 | I22: 3xL3 | J22: =J20 -> 7 | K22: =K20 -> 3 | L22: =L20 -> 8 | M22: =E18-M20 -> 18 | N22: =F18 -> 48 | O22: =PRODUCT(J22:N22) -> 145152 | P22: =O22/$B$19 -> 0.0022945804 | Q22: =P22*$A$22 -> 0.045891608 | R22: =Q22*D31 -> 0.091783217 | S22: =R22/$B$22 -> 0.0091783217
I23: 5xL4 | J23: =B3+B11 -> 2 | K23: =C3+C11 -> 7 | L23: =D3+D11 -> 6 | M23: =E3+E11 -> 28 | N23: =F3+F11 -> 6 | O23: =PRODUCT(J23:N23) -> 14112 | P23: =O23/$B$19 -> 0.00022308421 | Q23: =P23*$A$22 -> 0.0044616841 | R23: =Q23*B32 -> 0.1115421 | S23: =R23/$B$22 -> 0.01115421
A24: Symbol | B24: 5 OAK | C24: 4 OAK | D24: 3 OAK | I24: 4xL4 | J24: =J23 -> 2 | K24: =K23 -> 7 | L24: =L23 -> 6 | M24: =M23 -> 28 | N24: =F18-N23 -> 42 | O24: =PRODUCT(J24:N24) -> 98784 | P24: =O24/$B$19 -> 0.0015615895 | Q24: =P24*$A$22 -> 0.031231789 | R24: =Q24*C32 -> 0.15615895 | S24: =R24/$B$22 -> 0.015615895
A25: H1 | B25: 75 | C25: 25 | D25: 2 | I25: 3xL4 | J25: =J23 -> 2 | K25: =K23 -> 7 | L25: =L23 -> 6 | M25: =E18-M23 -> 20 | N25: =F18 -> 48 | O25: =PRODUCT(J25:N25) -> 80640 | P25: =O25/$B$19 -> 0.0012747669 | Q25: =P25*$A$22 -> 0.025495338 | R25: =Q25*D32 -> 0.050990676 | S25: =R25/$B$22 -> 0.0050990676
A26: H2 | B26: 50 | C26: 12 | D26: 2 | I26: 5xL5 | J26: =B3+B12 -> 2 | K26: =C3+C12 -> 7 | L26: =D3+D12 -> 6 | M26: =E3+E12 -> 32 | N26: =F3+F12 -> 6 | O26: =PRODUCT(J26:N26) -> 16128 | P26: =O26/$B$19 -> 0.00025495338 | Q26: =P26*$A$22 -> 0.0050990676 | R26: =Q26*B33 -> 0.12747669 | S26: =R26/$B$22 -> 0.012747669
A27: H3 | B27: 50 | C27: 12 | D27: 2 | I27: 4xL5 | J27: =J26 -> 2 | K27: =K26 -> 7 | L27: =L26 -> 6 | M27: =M26 -> 32 | N27: =F18-N26 -> 42 | O27: =PRODUCT(J27:N27) -> 112896 | P27: =O27/$B$19 -> 0.0017846737 | Q27: =P27*$A$22 -> 0.035693473 | R27: =Q27*C33 -> 0.17846737 | S27: =R27/$B$22 -> 0.017846737
A28: H4 | B28: 50 | C28: 12 | D28: 2 | I28: 3xL5 | J28: =J26 -> 2 | K28: =K26 -> 7 | L28: =L26 -> 6 | M28: =E18-M26 -> 16 | N28: =F18 -> 48 | O28: =PRODUCT(J28:N28) -> 64512 | P28: =O28/$B$19 -> 0.0010198135 | Q28: =P28*$A$22 -> 0.02039627 | R28: =Q28*D33 -> 0.040792541 | S28: =R28/$B$22 -> 0.0040792541
A29: L1 | B29: 40 | C29: 7 | D29: 2 | Q29: =SUM(Q2:Q28) -> 0.78671329 | S29: =SUM(S2:S28) -> 0.58863424
A30: L2 | B30: 25 | C30: 5 | D30: 2
A31: L3 | B31: 25 | C31: 5 | D31: 2
A32: L4 | B32: 25 | C32: 5 | D32: 2
A33: L5 | B33: 25 | C33: 5 | D33: 2
A37: Choices | B37: Weight | C37: Prob | D37: Rtp
A38: SC | B38: 30 | C38: =B38/$B$40 -> 0.3 | D38: ='Step-2'!S29 -> 0.37953832
A39: WD | B39: 70 | C39: =B39/$B$40 -> 0.7 | D39: =S29 -> 0.58863424
B40: =SUM(B38:B39) -> 100 | D40: =SUMPRODUCT(C38:C39,D38:D39) -> 0.52590546

Sheet Step-3
A1: Symbol Set Population | B1: Symbol Set Population | C1: Symbol Set Population | D1: Symbol Set Population | E1: Symbol Set Population | F1: Symbol Set Population | H1: Prize | I1: R1 | J1: R2 | K1: R3 | L1: R4 | M1: R5 | N1: HITS | O1: Hit Rate
A2: Symbol | B2: BaseRS11R0 | C2: BaseRS11R1 | D2: BaseRS11R2 | E2: BaseRS11R3 | F2: BaseRS11R4 | H2: 5xH1 | I2: =B3+B4 -> 2 | J2: =$C$3+$C$4 -> 1 | K2: =$D$14 -> 3 | L2: =E3+E4 -> 32 | M2: =F3+F4 -> 3 | N2: =PRODUCT(I2:M2) -> 576 | O2: =N2/$B$19 -> 9.1054779e-06
A3: WD | B3: 0 | C3: 1 | D3: 3 | E3: 28 | F3: 0 | H3: 4xH1 | I3: =I2 -> 2 | J3: =J2 -> 1 | K3: =$D$14 -> 3 | L3: =L2 -> 32 | M3: =F18-M2 -> 45 | N3: =PRODUCT(I3:M3) -> 8640 | O3: =N3/$B$19 -> 0.00013658217
A4: H1 | B4: 2 | C4: 0 | D4: 6 | E4: 4 | F4: 3 | H4: 3xH1 | I4: =I2 -> 2 | J4: =J2 -> 1 | K4: =$D$14 -> 3 | L4: =E18-L2 -> 16 | M4: 48 | N4: =PRODUCT(I4:M4) -> 4608 | O4: =N4/$B$19 -> 7.2843823e-05
A5: H2 | B5: 3 | C5: 0 | D5: 4 | E5: 4 | F5: 4 | H5: 5xH2 | I5: =B3+B5 -> 3 | J5: =C3+C5 -> 1 | K5: =$D$14 -> 3 | L5: =E3+E5 -> 32 | M5: =F3+F5 -> 4 | N5: =PRODUCT(I5:M5) -> 1152 | O5: =N5/$B$19 -> 1.8210956e-05
A6: H3 | B6: 3 | C6: 0 | D6: 0 | E6: 0 | F6: 6 | H6: 4xH2 | I6: =I5 -> 3 | J6: =J5 -> 1 | K6: =$D$14 -> 3 | L6: =L5 -> 32 | M6: =F18-M5 -> 44 | N6: =PRODUCT(I6:M6) -> 12672 | O6: =N6/$B$19 -> 0.00020032051
A7: H4 | B7: 2 | C7: 8 | D7: 2 | E7: 0 | F7: 6 | H7: 3xH2 | I7: =I5 -> 3 | J7: =J5 -> 1 | K7: =$D$14 -> 3 | L7: =$E$18-$E$3-$E$5 -> 16 | M7: =F18 -> 48 | N7: =PRODUCT(I7:M7) -> 6912 | O7: =N7/$B$19 -> 0.00010926573
A8: L1 | B8: 4 | C8: 8 | D8: 4 | E8: 6 | F8: 5 | H8: 5xH3 | I8: =$B$3+$B$6 -> 3 | J8: =$C$3+$C$6 -> 1 | K8: =$D$14 -> 3 | L8: =E3+E6 -> 28 | M8: =F3+F6 -> 6 | N8: =PRODUCT(I8:M8) -> 1512 | O8: =N8/$B$19 -> 2.3901879e-05
A9: L2 | B9: 7 | C9: 2 | D9: 2 | E9: 0 | F9: 6 | H9: 4xH3 | I9: =$B$3+$B$6 -> 3 | J9: =$C$3+$C$6 -> 1 | K9: =$D$14 -> 3 | L9: =L8 -> 28 | M9: =F18-M8 -> 42 | N9: =PRODUCT(I9:M9) -> 10584 | O9: =N9/$B$19 -> 0.00016731316
A10: L3 | B10: 7 | C10: 2 | D10: 2 | E10: 2 | F10: 6 | H10: 3xH3 | I10: =$B$3+$B$6 -> 3 | J10: =$C$3+$C$6 -> 1 | K10: =$D$14 -> 3 | L10: =E18-L9 -> 20 | M10: =F18 -> 48 | N10: =PRODUCT(I10:M10) -> 8640 | O10: =N10/$B$19 -> 0.00013658217
A11: L4 | B11: 2 | C11: 6 | D11: 0 | E11: 0 | F11: 6 | H11: 5xH4 | I11: =$B$3+$B$7 -> 2 | J11: =$C$3+$C$7 -> 9 | K11: =$D$14 -> 3 | L11: =E3+E7 -> 28 | M11: =F3+F7 -> 6 | N11: =PRODUCT(I11:M11) -> 9072 | O11: =N11/$B$19 -> 0.00014341128
A12: L5 | B12: 2 | C12: 6 | D12: 0 | E12: 4 | F12: 6 | H12: 4xH4 | I12: =I11 -> 2 | J12: =J11 -> 9 | K12: =$D$14 -> 3 | L12: =L11 -> 28 | M12: =F18-M11 -> 42 | N12: =PRODUCT(I12:M12) -> 63504 | O12: =N12/$B$19 -> 0.0010038789
A13: SC | B13: 0 | C13: 0 | D13: 0 | E13: 0 | F13: 0 | H13: 3xH4 | I13: =I12 -> 2 | J13: =J12 -> 9 | K13: =$D$14 -> 3 | L13: =E18-L11 -> 20 | M13: =F18 -> 48 | N13: =PRODUCT(I13:M13) -> 51840 | O13: =N13/$B$19 -> 0.00081949301
A14: RS | B14: 0 | C14: 0 | D14: 3 | E14: 0 | F14: 0 | H14: 5xL1 | I14: =$B$3+$B$8 -> 4 | J14: =$C$3+$C$8 -> 9 | K14: =$D$14 -> 3 | L14: =E3+E8 -> 34 | M14: =F3+F8 -> 5 | N14: =PRODUCT(I14:M14) -> 18360 | O14: =N14/$B$19 -> 0.00029023711
A15: Collect | B15: 0 | C15: 0 | D15: 0 | E15: 0 | F15: 0 | H15: 4xL1 | I15: =$B$3+$B$8 -> 4 | J15: =$C$3+$C$8 -> 9 | K15: =$D$14 -> 3 | L15: =L14 -> 34 | M15: =F18-M14 -> 43 | N15: =PRODUCT(I15:M15) -> 157896 | O15: =N15/$B$19 -> 0.0024960391
A16: Coin | B16: 0 | C16: 0 | D16: 0 | E16: 0 | F16: 0 | H16: 3xL1 | I16: =$B$3+$B$8 -> 4 | J16: =$C$3+$C$8 -> 9 | K16: =$D$14 -> 3 | L16: =E18-L14 -> 14 | M16: =F18 -> 48 | N16: =PRODUCT(I16:M16) -> 72576 | O16: =N16/$B$19 -> 0.0011472902
A17: Res1 | B17: 0 | C17: 0 | D17: 0 | E17: 0 | F17: 0 | H17: 5xL2 | I17: =B3+B9 -> 7 | J17: =C3+C9 -> 3 | K17: =$D$14 -> 3 | L17: =E3+E9 -> 28 | M17: =F3+F9 -> 6 | N17: =PRODUCT(I17:M17) -> 10584 | O17: =N17/$B$19 -> 0.00016731316
A18: Total | B18: =SUM(B3:B17) -> 32 | C18: =SUM(C3:C17) -> 33 | D18: =SUM(D3:D17) -> 26 | E18: =SUM(E3:E17) -> 48 | F18: =SUM(F3:F17) -> 48 | H18: 4xL2 | I18: =I17 -> 7 | J18: =J17 -> 3 | K18: =$D$14 -> 3 | L18: =L17 -> 28 | M18: =F18-M17 -> 42 | N18: =PRODUCT(I18:M18) -> 74088 | O18: =N18/$B$19 -> 0.0011711921
A19: Total Cycles | B19: =PRODUCT(B18:F18) -> 63258624 | H19: 3xL2 | I19: =I17 -> 7 | J19: =J17 -> 3 | K19: =$D$14 -> 3 | L19: =E18-L17 -> 20 | M19: =F18 -> 48 | N19: =PRODUCT(I19:M19) -> 60480 | O19: =N19/$B$19 -> 0.00095607517
H20: 5xL3 | I20: =B3+B10 -> 7 | J20: =C3+C10 -> 3 | K20: =$D$14 -> 3 | L20: =E3+E10 -> 30 | M20: =F3+F10 -> 6 | N20: =PRODUCT(I20:M20) -> 11340 | O20: =N20/$B$19 -> 0.0001792641
A21: Total Lines | B21: Wage | H21: 4xL3 | I21: =I20 -> 7 | J21: =J20 -> 3 | K21: =$D$14 -> 3 | L21: =L20 -> 30 | M21: =F18-M20 -> 42 | N21: =PRODUCT(I21:M21) -> 79380 | O21: =N21/$B$19 -> 0.0012548487
A22: 20 | B22: 10 | H22: 3xL3 | I22: =I20 -> 7 | J22: =J20 -> 3 | K22: =$D$14 -> 3 | L22: =E18-L20 -> 18 | M22: =F18 -> 48 | N22: =PRODUCT(I22:M22) -> 54432 | O22: =N22/$B$19 -> 0.00086046766
H23: 5xL4 | I23: =B3+B11 -> 2 | J23: =C3+C11 -> 7 | K23: =$D$14 -> 3 | L23: =E3+E11 -> 28 | M23: =F3+F11 -> 6 | N23: =PRODUCT(I23:M23) -> 7056 | O23: =N23/$B$19 -> 0.0001115421
A24: Symbol | B24: 5 OAK | C24: 4 OAK | D24: 3 OAK | H24: 4xL4 | I24: =I23 -> 2 | J24: =J23 -> 7 | K24: =$D$14 -> 3 | L24: =L23 -> 28 | M24: =F18-M23 -> 42 | N24: =PRODUCT(I24:M24) -> 49392 | O24: =N24/$B$19 -> 0.00078079473
A25: H1 | B25: 75 | C25: 25 | D25: 2 | H25: 3xL4 | I25: =I23 -> 2 | J25: =J23 -> 7 | K25: =$D$14 -> 3 | L25: =E18-L23 -> 20 | M25: =F18 -> 48 | N25: =PRODUCT(I25:M25) -> 40320 | O25: =N25/$B$19 -> 0.00063738345
A26: H2 | B26: 50 | C26: 12 | D26: 2 | H26: 5xL5 | I26: =B3+B12 -> 2 | J26: =C3+C12 -> 7 | K26: =$D$14 -> 3 | L26: =E3+E12 -> 32 | M26: =F3+F12 -> 6 | N26: =PRODUCT(I26:M26) -> 8064 | O26: =N26/$B$19 -> 0.00012747669
A27: H3 | B27: 50 | C27: 12 | D27: 2 | H27: 4xL5 | I27: =I26 -> 2 | J27: =J26 -> 7 | K27: =$D$14 -> 3 | L27: =L26 -> 32 | M27: =F18-M26 -> 42 | N27: =PRODUCT(I27:M27) -> 56448 | O27: =N27/$B$19 -> 0.00089233683
A28: H4 | B28: 50 | C28: 12 | D28: 2 | H28: 3xL5 | I28: =I26 -> 2 | J28: =J26 -> 7 | K28: =$D$14 -> 3 | L28: =E18-L26 -> 16 | M28: =F18 -> 48 | N28: =PRODUCT(I28:M28) -> 32256 | O28: =N28/$B$19 -> 0.00050990676
A29: L1 | B29: 40 | C29: 7 | D29: 2 | O29: =SUM(O2:O28) -> 0.014423077
A30: L2 | B30: 25 | C30: 5 | D30: 2
A31: L3 | B31: 25 | C31: 5 | D31: 2
A32: L4 | B32: 25 | C32: 5 | D32: 2
A33: L5 | B33: 25 | C33: 5 | D33: 2

Sheet Step-4
A1: Symbol Set Population | B1: Symbol Set Population | C1: Symbol Set Population | D1: Symbol Set Population | E1: Symbol Set Population | F1: Symbol Set Population | I1: Prize | J1: R1 | K1: R2 | L1: R3 | M1: R4 | N1: R5 | O1: HITS | P1: Hit Rate | Q1: Total Hit Rate | R1: RTP(%) | S1: RTP(%) 1c | W1: Prize With RS | X1: R1 | Y1: R2 | Z1: R3 | AA1: R4 | AB1: R5 | AC1: HITS | AD1: Hit Rate | AE1: Total Hit Rate | AF1: RTP(%) | AG1: RTP(%) 1c
A2: Symbol | B2: BaseRS11R0 | C2: BaseRS11R1 | D2: BaseRS11R2 | E2: BaseRS11R3 | F2: BaseRS11R4 | I2: 5xH1 | J2: =B3+B4 -> 2 | K2: =C3+C4 -> 1 | L2: =D3+D4 -> 9 | M2: =E3+E4 -> 32 | N2: =F3+F4 -> 3 | O2: =PRODUCT(J2:N2) -> 1728 | P2: =O2/$B$19 -> 2.0882833e-05 | Q2: =P2*$A$22 -> 0.00041765667 | R2: =Q2*B25 -> 0.03132425 | S2: =R2/$B$22 -> 0.003132425 | W2: 5xH1 | X2: =$B$3+$B$4 -> 2 | Y2: =$C$3+$C$4 -> 1 | Z2: =$D$14 -> 3 | AA2: =$E$3+$E$4 -> 32 | AB2: =$F$3+$F$4 -> 3 | AC2: =PRODUCT(X2:AB2) -> 576 | AD2: =AC2/$B$19 -> 6.9609445e-06 | AE2: =AD2*$A$22 -> 0.00013921889 | AF2: =AE2*B25 -> 0.010441417 | AG2: =AF2/$B$22 -> 0.0010441417
A3: WD | B3: 0 | C3: 1 | D3: 3 | E3: 28 | F3: 0 | I3: 4xH1 | J3: =J2 -> 2 | K3: =K2 -> 1 | L3: =L2 -> 9 | M3: =M2 -> 32 | N3: =F18-N2 -> 45 | O3: =PRODUCT(J3:N3) -> 25920 | P3: =O3/$B$19 -> 0.0003132425 | Q3: =P3*$A$22 -> 0.00626485 | R3: =Q3*C25 -> 0.15662125 | S3: =R3/$B$22 -> 0.015662125 | W3: 4xH1 | X3: =$B$3+$B$4 -> 2 | Y3: =$C$3+$C$4 -> 1 | Z3: =$D$14 -> 3 | AA3: =$E$3+$E$4 -> 32 | AB3: =$F$18-$F$3-$F$4 -> 45 | AC3: =PRODUCT(X3:AB3) -> 8640 | AD3: =AC3/$B$19 -> 0.00010441417 | AE3: =AD3*$A$22 -> 0.0020882833 | AF3: =AE3*C25 -> 0.052207083 | AG3: =AF3/$B$22 -> 0.0052207083
A4: H1 | B4: 2 | C4: 0 | D4: 6 | E4: 4 | F4: 3 | I4: 3xH1 | J4: =J2 -> 2 | K4: =K2 -> 1 | L4: =L2 -> 9 | M4: =E18-M2 -> 20 | N4: 48 | O4: =PRODUCT(J4:N4) -> 17280 | P4: =O4/$B$19 -> 0.00020882833 | Q4: =P4*$A$22 -> 0.0041765667 | R4: =Q4*D25 -> 0.0083531334 | S4: =R4/$B$22 -> 0.00083531334 | W4: 3xH1 | X4: =$B$3+$B$4 -> 2 | Y4: =$C$3+$C$4 -> 1 | Z4: =$D$14 -> 3 | AA4: =$E$18-$E$3-$E$4 -> 20 | AB4: =$F$18 -> 48 | AC4: =PRODUCT(X4:AB4) -> 5760 | AD4: =AC4/$B$19 -> 6.9609445e-05 | AE4: =AD4*$A$22 -> 0.0013921889 | AF4: =AE4*D25 -> 0.0027843778 | AG4: =AF4/$B$22 -> 0.00027843778
A5: H2 | B5: 3 | C5: 0 | D5: 4 | E5: 4 | F5: 4 | I5: 5xH2 | J5: =B3+B5 -> 3 | K5: =C3+C5 -> 1 | L5: =D3+D5 -> 7 | M5: =E3+E5 -> 32 | N5: =F3+F5 -> 4 | O5: =PRODUCT(J5:N5) -> 2688 | P5: =O5/$B$19 -> 3.2484407e-05 | Q5: =P5*$A$22 -> 0.00064968815 | R5: =Q5*B26 -> 0.032484407 | S5: =R5/$B$22 -> 0.0032484407 | W5: 5xH2 | X5: =$B$3+$B$5 -> 3 | Y5: =$C$3+$C$5 -> 1 | Z5: =$D$14 -> 3 | AA5: =$E$3+$E$5 -> 32 | AB5: =$F$3+$F$5 -> 4 | AC5: =PRODUCT(X5:AB5) -> 1152 | AD5: =AC5/$B$19 -> 1.3921889e-05 | AE5: =AD5*$A$22 -> 0.00027843778 | AF5: =AE5*$B$26 -> 0.013921889 | AG5: =AF5/$B$22 -> 0.0013921889
A6: H3 | B6: 3 | C6: 0 | D6: 0 | E6: 0 | F6: 6 | I6: 4xH2 | J6: =J5 -> 3 | K6: =K5 -> 1 | L6: =L5 -> 7 | M6: =M5 -> 32 | N6: =F18-N5 -> 44 | O6: =PRODUCT(J6:N6) -> 29568 | P6: =O6/$B$19 -> 0.00035732848 | Q6: =P6*$A$22 -> 0.0071465696 | R6: =Q6*C26 -> 0.085758836 | S6: =R6/$B$22 -> 0.0085758836 | W6: 4xH2 | X6: =$B$3+$B$5 -> 3 | Y6: =$C$3+$C$5 -> 1 | Z6: =$D$14 -> 3 | AA6: =$E$3+$E$5 -> 32 | AB6: =$F$18-$F$3-$F$5 -> 44 | AC6: =PRODUCT(X6:AB6) -> 12672 | AD6: =AC6/$B$19 -> 0.00015314078 | AE6: =AD6*$A$22 -> 0.0030628156 | AF6: =AE6*$C$26 -> 0.036753787 | AG6: =AF6/$B$22 -> 0.0036753787
A7: H4 | B7: 2 | C7: 8 | D7: 2 | E7: 0 | F7: 6 | I7: 3xH2 | J7: =J5 -> 3 | K7: =K5 -> 1 | L7: =L5 -> 7 | M7: =$E$18-$E$3-$E$5 -> 20 | N7: =F18 -> 48 | O7: =PRODUCT(J7:N7) -> 20160 | P7: =O7/$B$19 -> 0.00024363306 | Q7: =P7*$A$22 -> 0.0048726611 | R7: =Q7*D26 -> 0.0097453222 | S7: =R7/$B$22 -> 0.00097453222 | W7: 3xH2 | X7: =$B$3+$B$5 -> 3 | Y7: =$C$3+$C$5 -> 1 | Z7: =$D$14 -> 3 | AA7: =$E$18-$E$3-$E$5 -> 20 | AB7: =$F$18 -> 48 | AC7: =PRODUCT(X7:AB7) -> 8640 | AD7: =AC7/$B$19 -> 0.00010441417 | AE7: =AD7*$A$22 -> 0.0020882833 | AF7: =AE7*$D$26 -> 0.0041765667 | AG7: =AF7/$B$22 -> 0.00041765667
A8: L1 | B8: 4 | C8: 8 | D8: 4 | E8: 6 | F8: 5 | I8: 5xH3 | J8: =B3+B6 -> 3 | K8: =C3+C6 -> 1 | L8: =D3+D6 -> 3 | M8: =E3+E6 -> 28 | N8: =F3+F6 -> 6 | O8: =PRODUCT(J8:N8) -> 1512 | P8: =O8/$B$19 -> 1.8272479e-05 | Q8: =P8*$A$22 -> 0.00036544958 | R8: =Q8*B27 -> 0.018272479 | S8: =R8/$B$22 -> 0.0018272479 | W8: 5xH3 | X8: =$B$3+$B$6 -> 3 | Y8: =$C$3+$C$6 -> 1 | Z8: =$D$14 -> 3 | AA8: =$E$3+$E$6 -> 28 | AB8: =$F$3+$F$6 -> 6 | AC8: =PRODUCT(X8:AB8) -> 1512 | AD8: =AC8/$B$19 -> 1.8272479e-05 | AE8: =AD8*$A$22 -> 0.00036544958 | AF8: =AE8*$B$27 -> 0.018272479 | AG8: =AF8/$B$22 -> 0.0018272479
A9: L2 | B9: 7 | C9: 2 | D9: 2 | E9: 0 | F9: 6 | I9: 4xH3 | J9: =J8 -> 3 | K9: =K8 -> 1 | L9: =L8 -> 3 | M9: =M8 -> 28 | N9: =F18-N8 -> 42 | O9: =PRODUCT(J9:N9) -> 10584 | P9: =O9/$B$19 -> 0.00012790735 | Q9: =P9*$A$22 -> 0.0025581471 | R9: =Q9*C27 -> 0.030697765 | S9: =R9/$B$22 -> 0.0030697765 | W9: 4xH3 | X9: =$B$3+$B$6 -> 3 | Y9: =$C$3+$C$6 -> 1 | Z9: =$D$14 -> 3 | AA9: =$E$3+$E$6 -> 28 | AB9: =$F$18-$F$3-$F$6 -> 42 | AC9: =PRODUCT(X9:AB9) -> 10584 | AD9: =AC9/$B$19 -> 0.00012790735 | AE9: =AD9*$A$22 -> 0.0025581471 | AF9: =AE9*$C$27 -> 0.030697765 | AG9: =AF9/$B$22 -> 0.0030697765
A10: L3 | B10: 7 | C10: 2 | D10: 2 | E10: 2 | F10: 6 | I10: 3xH3 | J10: =J9 -> 3 | K10: =K9 -> 1 | L10: =L9 -> 3 | M10: =E18-M9 -> 24 | N10: =F18 -> 48 | O10: =PRODUCT(J10:N10) -> 10368 | P10: =O10/$B$19 -> 0.000125297 | Q10: =P10*$A$22 -> 0.00250594 | R10: =Q10*D27 -> 0.00501188 | S10: =R10/$B$22 -> 0.000501188 | W10: 3xH3 | X10: =$B$3+$B$6 -> 3 | Y10: =$C$3+$C$6 -> 1 | Z10: =$D$14 -> 3 | AA10: =$E$18-$E$3-$E$6 -> 24 | AB10: =$F$18 -> 48 | AC10: =PRODUCT(X10:AB10) -> 10368 | AD10: =AC10/$B$19 -> 0.000125297 | AE10: =AD10*$A$22 -> 0.00250594 | AF10: =AE10*D27 -> 0.00501188 | AG10: =AF10/$B$22 -> 0.000501188
A11: L4 | B11: 2 | C11: 6 | D11: 0 | E11: 0 | F11: 6 | I11: 5xH4 | J11: =B3+B7 -> 2 | K11: =C3+C7 -> 9 | L11: =D3+D7 -> 5 | M11: =E3+E7 -> 28 | N11: =F3+F7 -> 6 | O11: =PRODUCT(J11:N11) -> 15120 | P11: =O11/$B$19 -> 0.00018272479 | Q11: =P11*$A$22 -> 0.0036544958 | R11: =Q11*B28 -> 0.18272479 | S11: =R11/$B$22 -> 0.018272479 | W11: 5xH4 | X11: =$B$3+$B$7 -> 2 | Y11: =$C$3+$C$7 -> 9 | Z11: =$D$14 -> 3 | AA11: =$E$3+$E$7 -> 28 | AB11: =$F$3+$F$7 -> 6 | AC11: =PRODUCT(X11:AB11) -> 9072 | AD11: =AC11/$B$19 -> 0.00010963488 | AE11: =AD11*$A$22 -> 0.0021926975 | AF11: =AE11*B28 -> 0.10963488 | AG11: =AF11/$B$22 -> 0.010963488
A12: L5 | B12: 2 | C12: 6 | D12: 0 | E12: 4 | F12: 6 | I12: 4xH4 | J12: =J11 -> 2 | K12: =K11 -> 9 | L12: =L11 -> 5 | M12: =M11 -> 28 | N12: =F18-N11 -> 42 | O12: =PRODUCT(J12:N12) -> 105840 | P12: =O12/$B$19 -> 0.0012790735 | Q12: =P12*$A$22 -> 0.025581471 | R12: =Q12*C28 -> 0.30697765 | S12: =R12/$B$22 -> 0.030697765 | W12: 4xH4 | X12: =$B$3+$B$7 -> 2 | Y12: =$C$3+$C$7 -> 9 | Z12: =$D$14 -> 3 | AA12: =AA11 -> 28 | AB12: =$F$18-$F$3-$F$7 -> 42 | AC12: =PRODUCT(X12:AB12) -> 63504 | AD12: =AC12/$B$19 -> 0.00076744413 | AE12: =AD12*$A$22 -> 0.015348883 | AF12: =AE12*$C$28 -> 0.18418659 | AG12: =AF12/$B$22 -> 0.018418659
A13: SC | B13: 0 | C13: 4 | D13: 2 | E13: 4 | F13: 0 | I13: 3xH4 | J13: =J12 -> 2 | K13: =K12 -> 9 | L13: =L12 -> 5 | M13: =E18-M11 -> 24 | N13: =F18 -> 48 | O13: =PRODUCT(J13:N13) -> 103680 | P13: =O13/$B$19 -> 0.00125297 | Q13: =P13*$A$22 -> 0.0250594 | R13: =Q13*D28 -> 0.0501188 | S13: =R13/$B$22 -> 0.00501188 | W13: 3xH4 | X13: =$B$3+$B$7 -> 2 | Y13: =$C$3+$C$7 -> 9 | Z13: =$D$14 -> 3 | AA13: =$E$18-$E$3-$E$7 -> 24 | AB13: =$F$18 -> 48 | AC13: =PRODUCT(X13:AB13) -> 62208 | AD13: =AC13/$B$19 -> 0.000751782 | AE13: =AD13*$A$22 -> 0.01503564 | AF13: =AE13*$D$28 -> 0.03007128 | AG13: =AF13/$B$22 -> 0.003007128
A14: RS | B14: 0 | C14: 0 | D14: 3 | E14: 0 | F14: 0 | I14: 5xL1 | J14: =B3+B8 -> 4 | K14: =C3+C8 -> 9 | L14: =D3+D8 -> 7 | M14: =E3+E8 -> 34 | N14: =F3+F8 -> 5 | O14: =PRODUCT(J14:N14) -> 42840 | P14: =O14/$B$19 -> 0.00051772024 | Q14: =P14*$A$22 -> 0.010354405 | R14: =Q14*B29 -> 0.4141762 | S14: =R14/$B$22 -> 0.04141762 | W14: 5xL1 | X14: =$B$3+$B$8 -> 4 | Y14: =$C$3+$C$8 -> 9 | Z14: =$D$14 -> 3 | AA14: =$E$3+$E$8 -> 34 | AB14: =$F$3+$F$8 -> 5 | AC14: =PRODUCT(X14:AB14) -> 18360 | AD14: =AC14/$B$19 -> 0.0002218801 | AE14: =AD14*$A$22 -> 0.0044376021 | AF14: =AE14*$B$29 -> 0.17750408 | AG14: =AF14/$B$22 -> 0.017750408
A15: Collect | B15: 0 | C15: 0 | D15: 0 | E15: 0 | F15: 0 | I15: 4xL1 | J15: =J14 -> 4 | K15: =K14 -> 9 | L15: =L14 -> 7 | M15: =M14 -> 34 | N15: =F18-N14 -> 43 | O15: =PRODUCT(J15:N15) -> 368424 | P15: =O15/$B$19 -> 0.0044523941 | Q15: =P15*$A$22 -> 0.089047882 | R15: =Q15*C29 -> 0.62333517 | S15: =R15/$B$22 -> 0.062333517 | W15: 4xL1 | X15: =$B$3+$B$8 -> 4 | Y15: =$C$3+$C$8 -> 9 | Z15: =$D$14 -> 3 | AA15: =$E$3+$E$8 -> 34 | AB15: =$F$18-$F$3-$F$8 -> 43 | AC15: =PRODUCT(X15:AB15) -> 157896 | AD15: =AC15/$B$19 -> 0.0019081689 | AE15: =AD15*$A$22 -> 0.038163378 | AF15: =AE15*$C$29 -> 0.26714365 | AG15: =AF15/$B$22 -> 0.026714365
A16: Coin | B16: 0 | C16: 0 | D16: 0 | E16: 0 | F16: 0 | I16: 3xL1 | J16: =J14 -> 4 | K16: =K14 -> 9 | L16: =L14 -> 7 | M16: =E18-M14 -> 18 | N16: =F18 -> 48 | O16: =PRODUCT(J16:N16) -> 217728 | P16: =O16/$B$19 -> 0.002631237 | Q16: =P16*$A$22 -> 0.05262474 | R16: =Q16*D29 -> 0.10524948 | S16: =R16/$B$22 -> 0.010524948 | W16: 3xL1 | X16: =$B$3+$B$8 -> 4 | Y16: =$C$3+$C$8 -> 9 | Z16: =$D$14 -> 3 | AA16: =$E$18-$E$3-$E$8 -> 18 | AB16: =$F$18 -> 48 | AC16: =PRODUCT(X16:AB16) -> 93312 | AD16: =AC16/$B$19 -> 0.001127673 | AE16: =AD16*$A$22 -> 0.02255346 | AF16: =AE16*$D$29 -> 0.04510692 | AG16: =AF16/$B$22 -> 0.004510692
A17: Res1 | B17: 0 | C17: 0 | D17: 0 | E17: 0 | F17: 0 | I17: 5xL2 | J17: =B3+B9 -> 7 | K17: =C3+C9 -> 3 | L17: =D3+D9 -> 5 | M17: =E3+E9 -> 28 | N17: =F3+F9 -> 6 | O17: =PRODUCT(J17:N17) -> 17640 | P17: =O17/$B$19 -> 0.00021317892 | Q17: =P17*$A$22 -> 0.0042635785 | R17: =Q17*B30 -> 0.10658946 | S17: =R17/$B$22 -> 0.010658946 | W17: 5xL2 | X17: =$B$3+$B$9 -> 7 | Y17: =$C$3+$C$9 -> 3 | Z17: =$D$14 -> 3 | AA17: =$E$3+$E$9 -> 28 | AB17: =$F$3+$F$9 -> 6 | AC17: =PRODUCT(X17:AB17) -> 10584 | AD17: =AC17/$B$19 -> 0.00012790735 | AE17: =AD17*$A$22 -> 0.0025581471 | AF17: =AE17*B30 -> 0.063953677 | AG17: =AF17/$B$22 -> 0.0063953677
A18: Total | B18: =SUM(B3:B17) -> 32 | C18: =SUM(C3:C17) -> 37 | D18: =SUM(D3:D17) -> 28 | E18: =SUM(E3:E17) -> 52 | F18: =SUM(F3:F17) -> 48 | I18: 4xL2 | J18: =J17 -> 7 | K18: =K17 -> 3 | L18: =L17 -> 5 | M18: =M17 -> 28 | N18: =F18-N17 -> 42 | O18: =PRODUCT(J18:N18) -> 123480 | P18: =O18/$B$19 -> 0.0014922525 | Q18: =P18*$A$22 -> 0.029845049 | R18: =Q18*C30 -> 0.14922525 | S18: =R18/$B$22 -> 0.014922525 | W18: 4xL2 | X18: =$B$3+$B$9 -> 7 | Y18: =$C$3+$C$9 -> 3 | Z18: =$D$14 -> 3 | AA18: =$E$3+$E$9 -> 28 | AB18: =$F$18-$F$3-$F$9 -> 42 | AC18: =PRODUCT(X18:AB18) -> 74088 | AD18: =AC18/$B$19 -> 0.00089535148 | AE18: =AD18*$A$22 -> 0.01790703 | AF18: =AE18*$C$30 -> 0.089535148 | AG18: =AF18/$B$22 -> 0.0089535148
A19: Total Cycles | B19: =PRODUCT(B18:F18) -> 82747392 | I19: 3xL2 | J19: =J17 -> 7 | K19: =K17 -> 3 | L19: =L17 -> 5 | M19: =E18-M17 -> 24 | N19: =F18 -> 48 | O19: =PRODUCT(J19:N19) -> 120960 | P19: =O19/$B$19 -> 0.0014617983 | Q19: =P19*$A$22 -> 0.029235967 | R19: =Q19*D30 -> 0.058471933 | S19: =R19/$B$22 -> 0.0058471933 | W19: 3xL2 | X19: =$B$3+$B$9 -> 7 | Y19: =$C$3+$C$9 -> 3 | Z19: =$D$14 -> 3 | AA19: =$E$18-$E$3-$E$9 -> 24 | AB19: =$F$18 -> 48 | AC19: =PRODUCT(X19:AB19) -> 72576 | AD19: =AC19/$B$19 -> 0.000877079 | AE19: =AD19*$A$22 -> 0.01754158 | AF19: =AE19*$D$30 -> 0.03508316 | AG19: =AF19/$B$22 -> 0.003508316
I20: 5xL3 | J20: =B3+B10 -> 7 | K20: =C3+C10 -> 3 | L20: =D3+D10 -> 5 | M20: =E3+E10 -> 30 | N20: =F3+F10 -> 6 | O20: =PRODUCT(J20:N20) -> 18900 | P20: =O20/$B$19 -> 0.00022840599 | Q20: =P20*$A$22 -> 0.0045681198 | R20: =Q20*B31 -> 0.114203 | S20: =R20/$B$22 -> 0.0114203 | W20: 5xL3 | X20: =$B$3+$B$10 -> 7 | Y20: =$C$3+$C$10 -> 3 | Z20: =$D$14 -> 3 | AA20: =$E$3+$E$10 -> 30 | AB20: =$F$3+$F$10 -> 6 | AC20: =PRODUCT(X20:AB20) -> 11340 | AD20: =AC20/$B$19 -> 0.00013704359 | AE20: =AD20*$A$22 -> 0.0027408719 | AF20: =AE20*$B$31 -> 0.068521797 | AG20: =AF20/$B$22 -> 0.0068521797
A21: Total Lines | B21: Wage | I21: 4xL3 | J21: =J20 -> 7 | K21: =K20 -> 3 | L21: =L20 -> 5 | M21: =M20 -> 30 | N21: =F18-N20 -> 42 | O21: =PRODUCT(J21:N21) -> 132300 | P21: =O21/$B$19 -> 0.0015988419 | Q21: =P21*$A$22 -> 0.031976839 | R21: =Q21*C31 -> 0.15988419 | S21: =R21/$B$22 -> 0.015988419 | W21: 4xL3 | X21: =$B$3+$B$10 -> 7 | Y21: =$C$3+$C$10 -> 3 | Z21: =$D$14 -> 3 | AA21: =$E$3+$E$10 -> 30 | AB21: =$F$18-$F$3-$F$10 -> 42 | AC21: =PRODUCT(X21:AB21) -> 79380 | AD21: =AC21/$B$19 -> 0.00095930516 | AE21: =AD21*$A$22 -> 0.019186103 | AF21: =AE21*$C$31 -> 0.095930516 | AG21: =AF21/$B$22 -> 0.0095930516
A22: 20 | B22: 10 | I22: 3xL3 | J22: =J20 -> 7 | K22: =K20 -> 3 | L22: =L20 -> 5 | M22: =E18-M20 -> 22 | N22: =F18 -> 48 | O22: =PRODUCT(J22:N22) -> 110880 | P22: =O22/$B$19 -> 0.0013399818 | Q22: =P22*$A$22 -> 0.026799636 | R22: =Q22*D31 -> 0.053599272 | S22: =R22/$B$22 -> 0.0053599272 | W22: 3xL3 | X22: =$B$3+$B$10 -> 7 | Y22: =$C$3+$C$10 -> 3 | Z22: =$D$14 -> 3 | AA22: =$E$18-$E$3-$E$10 -> 22 | AB22: =$F$18 -> 48 | AC22: =PRODUCT(X22:AB22) -> 66528 | AD22: =AC22/$B$19 -> 0.00080398909 | AE22: =AD22*$A$22 -> 0.016079782 | AF22: =AE22*D31 -> 0.032159563 | AG22: =AF22/$B$22 -> 0.0032159563
I23: 5xL4 | J23: =B3+B11 -> 2 | K23: =C3+C11 -> 7 | L23: =D3+D11 -> 3 | M23: =E3+E11 -> 28 | N23: =F3+F11 -> 6 | O23: =PRODUCT(J23:N23) -> 7056 | P23: =O23/$B$19 -> 8.527157e-05 | Q23: =P23*$A$22 -> 0.0017054314 | R23: =Q23*B32 -> 0.042635785 | S23: =R23/$B$22 -> 0.0042635785 | W23: 5xL4 | X23: =$B$3+$B$11 -> 2 | Y23: =$C$3+$C$11 -> 7 | Z23: =$D$14 -> 3 | AA23: =$E$3+$E$11 -> 28 | AB23: =$F$3+$F$11 -> 6 | AC23: =PRODUCT(X23:AB23) -> 7056 | AD23: =AC23/$B$19 -> 8.527157e-05 | AE23: =AD23*$A$22 -> 0.0017054314 | AF23: =AE23*$B$32 -> 0.042635785 | AG23: =AF23/$B$22 -> 0.0042635785
A24: Symbol | B24: 5 OAK | C24: 4 OAK | D24: 3 OAK | I24: 4xL4 | J24: =J23 -> 2 | K24: =K23 -> 7 | L24: =L23 -> 3 | M24: =M23 -> 28 | N24: =F18-N23 -> 42 | O24: =PRODUCT(J24:N24) -> 49392 | P24: =O24/$B$19 -> 0.00059690099 | Q24: =P24*$A$22 -> 0.01193802 | R24: =Q24*C32 -> 0.059690099 | S24: =R24/$B$22 -> 0.0059690099 | W24: 4xL4 | X24: =$B$3+$B$11 -> 2 | Y24: =$C$3+$C$11 -> 7 | Z24: =$D$14 -> 3 | AA24: =$E$3+$E$11 -> 28 | AB24: =$F$18-$F$3-$F$11 -> 42 | AC24: =PRODUCT(X24:AB24) -> 49392 | AD24: =AC24/$B$19 -> 0.00059690099 | AE24: =AD24*$A$22 -> 0.01193802 | AF24: =AE24*$C$32 -> 0.059690099 | AG24: =AF24/$B$22 -> 0.0059690099
A25: H1 | B25: 75 | C25: 25 | D25: 2 | I25: 3xL4 | J25: =J23 -> 2 | K25: =K23 -> 7 | L25: =L23 -> 3 | M25: =E18-M23 -> 24 | N25: =F18 -> 48 | O25: =PRODUCT(J25:N25) -> 48384 | P25: =O25/$B$19 -> 0.00058471933 | Q25: =P25*$A$22 -> 0.011694387 | R25: =Q25*D32 -> 0.023388773 | S25: =R25/$B$22 -> 0.0023388773 | W25: 3xL4 | X25: =$B$3+$B$11 -> 2 | Y25: =$C$3+$C$11 -> 7 | Z25: =$D$14 -> 3 | AA25: =$E$18-$E$3-$E$11 -> 24 | AB25: =$F$18 -> 48 | AC25: =PRODUCT(X25:AB25) -> 48384 | AD25: =AC25/$B$19 -> 0.00058471933 | AE25: =AD25*$A$22 -> 0.011694387 | AF25: =AE25*$D$32 -> 0.023388773 | AG25: =AF25/$B$22 -> 0.0023388773
A26: H2 | B26: 50 | C26: 12 | D26: 2 | I26: 5xL5 | J26: =B3+B12 -> 2 | K26: =C3+C12 -> 7 | L26: =D3+D12 -> 3 | M26: =E3+E12 -> 32 | N26: =F3+F12 -> 6 | O26: =PRODUCT(J26:N26) -> 8064 | P26: =O26/$B$19 -> 9.7453222e-05 | Q26: =P26*$A$22 -> 0.0019490644 | R26: =Q26*B33 -> 0.048726611 | S26: =R26/$B$22 -> 0.0048726611 | W26: 5xL5 | X26: =$B$3+$B$12 -> 2 | Y26: =$C$3+$C$12 -> 7 | Z26: =$D$14 -> 3 | AA26: =$E$3+$E$12 -> 32 | AB26: =$F$3+$F$12 -> 6 | AC26: =PRODUCT(X26:AB26) -> 8064 | AD26: =AC26/$B$19 -> 9.7453222e-05 | AE26: =AD26*$A$22 -> 0.0019490644 | AF26: =AE26*$B$33 -> 0.048726611 | AG26: =AF26/$B$22 -> 0.0048726611
A27: H3 | B27: 50 | C27: 12 | D27: 2 | I27: 4xL5 | J27: =J26 -> 2 | K27: =K26 -> 7 | L27: =L26 -> 3 | M27: =M26 -> 32 | N27: =F18-N26 -> 42 | O27: =PRODUCT(J27:N27) -> 56448 | P27: =O27/$B$19 -> 0.00068217256 | Q27: =P27*$A$22 -> 0.013643451 | R27: =Q27*C33 -> 0.068217256 | S27: =R27/$B$22 -> 0.0068217256 | W27: 4xL5 | X27: =$B$3+$B$12 -> 2 | Y27: =$C$3+$C$12 -> 7 | Z27: =$D$14 -> 3 | AA27: =$E$3+$E$12 -> 32 | AB27: =$F$18-$F$3-$F$12 -> 42 | AC27: =PRODUCT(X27:AB27) -> 56448 | AD27: =AC27/$B$19 -> 0.00068217256 | AE27: =AD27*$A$22 -> 0.013643451 | AF27: =AE27*$C$33 -> 0.068217256 | AG27: =AF27/$B$22 -> 0.0068217256
A28: H4 | B28: 50 | C28: 12 | D28: 2 | I28: 3xL5 | J28: =J26 -> 2 | K28: =K26 -> 7 | L28: =L26 -> 3 | M28: =E18-M26 -> 20 | N28: =F18 -> 48 | O28: =PRODUCT(J28:N28) -> 40320 | P28: =O28/$B$19 -> 0.00048726611 | Q28: =P28*$A$22 -> 0.0097453222 | R28: =Q28*D33 -> 0.019490644 | S28: =R28/$B$22 -> 0.0019490644 | W28: 3xL5 | X28: =$B$3+$B$12 -> 2 | Y28: =$C$3+$C$12 -> 7 | Z28: =$D$14 -> 3 | AA28: =$E$18-E3-$E$12 -> 20 | AB28: =$F$18 -> 48 | AC28: =PRODUCT(X28:AB28) -> 40320 | AD28: =AC28/$B$19 -> 0.00048726611 | AE28: =AD28*$A$22 -> 0.0097453222 | AF28: =AE28*$D$33 -> 0.019490644 | AG28: =AF28/$B$22 -> 0.0019490644
A29: L1 | B29: 40 | C29: 7 | D29: 2 | P29: =SUM(P2:P28) -> 0.020632239 | Q29: =SUM(Q2:Q28) -> 0.41264479 | R29: =SUM(R2:R28) -> 2.9649737 | S29: =SUM(S2:S28) -> 0.29649737 | AD29: =SUM(AD2:AD28) -> 0.011944981 | AE29: =SUM(AE2:AE28) -> 0.23889961 | AF29: =SUM(AF2:AF28) -> 1.6352477 | AG29: =SUM(AG2:AG28) -> 0.16352477
A30: L2 | B30: 25 | C30: 5 | D30: 2
A31: L3 | B31: 25 | C31: 5 | D31: 2
A32: L4 | B32: 25 | C32: 5 | D32: 2 | I32: Prize SC | J32: R1 | K32: R2 | L32: R3 | M32: R4 | N32: R5 | O32: HITS | P32: Hit Rate | Q32: Total Hit Rate | R32: RTP(%) | S32: RTP(%) 1c | W32: Prize SC with RS | X32: R1 | Y32: R2 | Z32: R3 | AA32: R4 | AB32: R5 | AC32: HITS | AD32: Hit Rate | AE32: Total Hit Rate | AF32: RTP(%) | AG32: RTP(%) 1c
A33: L5 | B33: 25 | C33: 5 | D33: 2 | I33: 3xSC | J33: =$B$18 -> 32 | K33: =$C$13*3 -> 12 | L33: =$D$13*3 -> 6 | M33: =$E$13*3 -> 12 | N33: =$F$18 -> 48 | O33: =PRODUCT(J33:N33) -> 1327104 | P33: =O33/$B$19 -> 0.016038016 | Q33: =P33 -> 0.016038016 | R33: =Q33*D34 -> 0.016038016 | S33: =R33 -> 0.016038016 | W33: SC,RS,SC | X33: =$B$18 -> 32 | Y33: =$C$13*3 -> 12 | Z33: =$D$14*3 -> 9 | AA33: =$E$13*3 -> 12 | AB33: =$F$18 -> 48 | AC33: =PRODUCT(X33:AB33) -> 1990656 | AD33: =AC33/$B$19 -> 0.024057024 | AE33: =AD33 -> 0.024057024 | AF33: =AE33*$D$34 -> 0.024057024 | AG33: =AF33 -> 0.024057024
A34: SC | B34: 50 | C34: 5 | D34: 1
AG38: =AG29+AG33 -> 0.18758179
S39: =S29+S33 -> 0.31253538 | W39: Hit Both | X39: =AE29*AE33 -> 0.0057472138 | AG39: =AG38*X39 -> 0.0010780727
S40: =S39+AG29 -> 0.47606015
S41: =S40+AG33 -> 0.50011718

Sheet Step-5
A1: Symbol Set Population | B1: Symbol Set Population | C1: Symbol Set Population | D1: Symbol Set Population | E1: Symbol Set Population | F1: Symbol Set Population | I1: Prize | J1: R1 | K1: R2 | L1: R3 | M1: R4 | N1: R5 | O1: HITS | P1: Hit Rate | Q1: Total Hit Rate | R1: RTP(%) | S1: RTP(%) 1c | W1: Prize With RS | X1: R1 | Y1: R2 | Z1: R3 | AA1: R4 | AB1: R5 | AC1: HITS | AD1: Hit Rate | AE1: Total Hit Rate | AF1: RTP(%) | AG1: RTP(%) 1c
A2: Symbol | B2: BaseRS11R0 | C2: BaseRS11R1 | D2: BaseRS11R2 | E2: BaseRS11R3 | F2: BaseRS11R4 | I2: 5xH1 | J2: =B3+B4 -> 2 | K2: =C3+C4 -> 1 | L2: =D3+D4 -> 9 | M2: =E3+E4 -> 32 | N2: =F3+F4 -> 3 | O2: =PRODUCT(J2:N2) -> 1728 | P2: =O2/$B$19 -> 2.2489205e-05 | Q2: =P2*$A$22 -> 0.0004497841 | R2: =Q2*B25 -> 0.033733808 | S2: =R2/$B$22 -> 0.0033733808 | W2: 5xH1 | X2: =$B$3+$B$4 -> 2 | Y2: =$C$3+$C$4 -> 1 | Z2: =$D$14 -> 3 | AA2: =$E$3+$E$4 -> 32 | AB2: =$F$3+$F$4 -> 3 | AC2: =PRODUCT(X2:AB2) -> 576 | AD2: =AC2/$B$19 -> 7.4964017e-06 | AE2: =AD2 -> 7.4964017e-06 | AF2: =AE2*B25 -> 0.00056223013 | AG2: =AF2/$B$22 -> 5.6223013e-05
A3: WD | B3: 0 | C3: 1 | D3: 3 | E3: 28 | F3: 0 | I3: 4xH1 | J3: =J2 -> 2 | K3: =K2 -> 1 | L3: =L2 -> 9 | M3: =M2 -> 32 | N3: =F18-N2 -> 45 | O3: =PRODUCT(J3:N3) -> 25920 | P3: =O3/$B$19 -> 0.00033733808 | Q3: =P3*$A$22 -> 0.0067467616 | R3: =Q3*C25 -> 0.16866904 | S3: =R3/$B$22 -> 0.016866904 | W3: 4xH1 | X3: =$B$3+$B$4 -> 2 | Y3: =$C$3+$C$4 -> 1 | Z3: =$D$14 -> 3 | AA3: =$E$3+$E$4 -> 32 | AB3: =$F$18-$F$3-$F$4 -> 45 | AC3: =PRODUCT(X3:AB3) -> 8640 | AD3: =AC3/$B$19 -> 0.00011244603 | AE3: =AD3 -> 0.00011244603 | AF3: =AE3*C25 -> 0.0028111506 | AG3: =AF3/$B$22 -> 0.00028111506
A4: H1 | B4: 2 | C4: 0 | D4: 6 | E4: 4 | F4: 3 | I4: 3xH1 | J4: =J2 -> 2 | K4: =K2 -> 1 | L4: =L2 -> 9 | M4: =E18-M2 -> 20 | N4: 48 | O4: =PRODUCT(J4:N4) -> 17280 | P4: =O4/$B$19 -> 0.00022489205 | Q4: =P4*$A$22 -> 0.004497841 | R4: =Q4*D25 -> 0.0089956821 | S4: =R4/$B$22 -> 0.00089956821 | W4: 3xH1 | X4: =$B$3+$B$4 -> 2 | Y4: =$C$3+$C$4 -> 1 | Z4: =$D$14 -> 3 | AA4: =$E$18-$E$3-$E$4 -> 20 | AB4: =$F$18 -> 48 | AC4: =PRODUCT(X4:AB4) -> 5760 | AD4: =AC4/$B$19 -> 7.4964017e-05 | AE4: =AD4 -> 7.4964017e-05 | AF4: =AE4*D25 -> 0.00014992803 | AG4: =AF4/$B$22 -> 1.4992803e-05
A5: H2 | B5: 3 | C5: 0 | D5: 4 | E5: 4 | F5: 4 | I5: 5xH2 | J5: =B3+B5 -> 3 | K5: =C3+C5 -> 1 | L5: =D3+D5 -> 7 | M5: =E3+E5 -> 32 | N5: =F3+F5 -> 4 | O5: =PRODUCT(J5:N5) -> 2688 | P5: =O5/$B$19 -> 3.4983208e-05 | Q5: =P5*$A$22 -> 0.00069966416 | R5: =Q5*B26 -> 0.034983208 | S5: =R5/$B$22 -> 0.0034983208 | W5: 5xH2 | X5: =$B$3+$B$5 -> 3 | Y5: =$C$3+$C$5 -> 1 | Z5: =$D$14 -> 3 | AA5: =$E$3+$E$5 -> 32 | AB5: =$F$3+$F$5 -> 4 | AC5: =PRODUCT(X5:AB5) -> 1152 | AD5: =AC5/$B$19 -> 1.4992803e-05 | AE5: =AD5 -> 1.4992803e-05 | AF5: =AE5*$B$26 -> 0.00074964017 | AG5: =AF5/$B$22 -> 7.4964017e-05
A6: H3 | B6: 3 | C6: 0 | D6: 0 | E6: 0 | F6: 6 | I6: 4xH2 | J6: =J5 -> 3 | K6: =K5 -> 1 | L6: =L5 -> 7 | M6: =M5 -> 32 | N6: =F18-N5 -> 44 | O6: =PRODUCT(J6:N6) -> 29568 | P6: =O6/$B$19 -> 0.00038481529 | Q6: =P6*$A$22 -> 0.0076963058 | R6: =Q6*C26 -> 0.092355669 | S6: =R6/$B$22 -> 0.0092355669 | W6: 4xH2 | X6: =$B$3+$B$5 -> 3 | Y6: =$C$3+$C$5 -> 1 | Z6: =$D$14 -> 3 | AA6: =$E$3+$E$5 -> 32 | AB6: =$F$18-$F$3-$F$5 -> 44 | AC6: =PRODUCT(X6:AB6) -> 12672 | AD6: =AC6/$B$19 -> 0.00016492084 | AE6: =AD6 -> 0.00016492084 | AF6: =AE6*$C$26 -> 0.0019790501 | AG6: =AF6/$B$22 -> 0.00019790501
A7: H4 | B7: 2 | C7: 8 | D7: 2 | E7: 0 | F7: 6 | I7: 3xH2 | J7: =J5 -> 3 | K7: =K5 -> 1 | L7: =L5 -> 7 | M7: =$E$18-$E$3-$E$5 -> 20 | N7: =F18 -> 48 | O7: =PRODUCT(J7:N7) -> 20160 | P7: =O7/$B$19 -> 0.00026237406 | Q7: =P7*$A$22 -> 0.0052474812 | R7: =Q7*D26 -> 0.010494962 | S7: =R7/$B$22 -> 0.0010494962 | W7: 3xH2 | X7: =$B$3+$B$5 -> 3 | Y7: =$C$3+$C$5 -> 1 | Z7: =$D$14 -> 3 | AA7: =$E$18-$E$3-$E$5 -> 20 | AB7: =$F$18 -> 48 | AC7: =PRODUCT(X7:AB7) -> 8640 | AD7: =AC7/$B$19 -> 0.00011244603 | AE7: =AD7 -> 0.00011244603 | AF7: =AE7*$D$26 -> 0.00022489205 | AG7: =AF7/$B$22 -> 2.2489205e-05
A8: L1 | B8: 4 | C8: 8 | D8: 4 | E8: 6 | F8: 5 | I8: 5xH3 | J8: =B3+B6 -> 3 | K8: =C3+C6 -> 1 | L8: =D3+D6 -> 3 | M8: =E3+E6 -> 28 | N8: =F3+F6 -> 6 | O8: =PRODUCT(J8:N8) -> 1512 | P8: =O8/$B$19 -> 1.9678055e-05 | Q8: =P8*$A$22 -> 0.00039356109 | R8: =Q8*B27 -> 0.019678055 | S8: =R8/$B$22 -> 0.0019678055 | W8: 5xH3 | X8: =$B$3+$B$6 -> 3 | Y8: =$C$3+$C$6 -> 1 | Z8: =$D$14 -> 3 | AA8: =$E$3+$E$6 -> 28 | AB8: =$F$3+$F$6 -> 6 | AC8: =PRODUCT(X8:AB8) -> 1512 | AD8: =AC8/$B$19 -> 1.9678055e-05 | AE8: =AD8 -> 1.9678055e-05 | AF8: =AE8*$B$27 -> 0.00098390273 | AG8: =AF8/$B$22 -> 9.8390273e-05
A9: L2 | B9: 7 | C9: 2 | D9: 2 | E9: 0 | F9: 6 | I9: 4xH3 | J9: =J8 -> 3 | K9: =K8 -> 1 | L9: =L8 -> 3 | M9: =M8 -> 28 | N9: =F18-N8 -> 42 | O9: =PRODUCT(J9:N9) -> 10584 | P9: =O9/$B$19 -> 0.00013774638 | Q9: =P9*$A$22 -> 0.0027549276 | R9: =Q9*C27 -> 0.033059132 | S9: =R9/$B$22 -> 0.0033059132 | W9: 4xH3 | X9: =$B$3+$B$6 -> 3 | Y9: =$C$3+$C$6 -> 1 | Z9: =$D$14 -> 3 | AA9: =$E$3+$E$6 -> 28 | AB9: =$F$18-$F$3-$F$6 -> 42 | AC9: =PRODUCT(X9:AB9) -> 10584 | AD9: =AC9/$B$19 -> 0.00013774638 | AE9: =AD9 -> 0.00013774638 | AF9: =AE9*$C$27 -> 0.0016529566 | AG9: =AF9/$B$22 -> 0.00016529566
A10: L3 | B10: 7 | C10: 2 | D10: 2 | E10: 2 | F10: 6 | I10: 3xH3 | J10: =J9 -> 3 | K10: =K9 -> 1 | L10: =L9 -> 3 | M10: =E18-M9 -> 24 | N10: =F18 -> 48 | O10: =PRODUCT(J10:N10) -> 10368 | P10: =O10/$B$19 -> 0.00013493523 | Q10: =P10*$A$22 -> 0.0026987046 | R10: =Q10*D27 -> 0.0053974092 | S10: =R10/$B$22 -> 0.00053974092 | W10: 3xH3 | X10: =$B$3+$B$6 -> 3 | Y10: =$C$3+$C$6 -> 1 | Z10: =$D$14 -> 3 | AA10: =$E$18-$E$3-$E$6 -> 24 | AB10: =$F$18 -> 48 | AC10: =PRODUCT(X10:AB10) -> 10368 | AD10: =AC10/$B$19 -> 0.00013493523 | AE10: =AD10 -> 0.00013493523 | AF10: =AE10*D27 -> 0.00026987046 | AG10: =AF10/$B$22 -> 2.6987046e-05
A11: L4 | B11: 2 | C11: 6 | D11: 0 | E11: 0 | F11: 6 | I11: 5xH4 | J11: =B3+B7 -> 2 | K11: =C3+C7 -> 9 | L11: =D3+D7 -> 5 | M11: =E3+E7 -> 28 | N11: =F3+F7 -> 6 | O11: =PRODUCT(J11:N11) -> 15120 | P11: =O11/$B$19 -> 0.00019678055 | Q11: =P11*$A$22 -> 0.0039356109 | R11: =Q11*B28 -> 0.19678055 | S11: =R11/$B$22 -> 0.019678055 | W11: 5xH4 | X11: =$B$3+$B$7 -> 2 | Y11: =$C$3+$C$7 -> 9 | Z11: =$D$14 -> 3 | AA11: =$E$3+$E$7 -> 28 | AB11: =$F$3+$F$7 -> 6 | AC11: =PRODUCT(X11:AB11) -> 9072 | AD11: =AC11/$B$19 -> 0.00011806833 | AE11: =AD11 -> 0.00011806833 | AF11: =AE11*B28 -> 0.0059034164 | AG11: =AF11/$B$22 -> 0.00059034164
A12: L5 | B12: 2 | C12: 6 | D12: 0 | E12: 4 | F12: 6 | I12: 4xH4 | J12: =J11 -> 2 | K12: =K11 -> 9 | L12: =L11 -> 5 | M12: =M11 -> 28 | N12: =F18-N11 -> 42 | O12: =PRODUCT(J12:N12) -> 105840 | P12: =O12/$B$19 -> 0.0013774638 | Q12: =P12*$A$22 -> 0.027549276 | R12: =Q12*C28 -> 0.33059132 | S12: =R12/$B$22 -> 0.033059132 | W12: 4xH4 | X12: =$B$3+$B$7 -> 2 | Y12: =$C$3+$C$7 -> 9 | Z12: =$D$14 -> 3 | AA12: =AA11 -> 28 | AB12: =$F$18-$F$3-$F$7 -> 42 | AC12: =PRODUCT(X12:AB12) -> 63504 | AD12: =AC12/$B$19 -> 0.00082647829 | AE12: =AD12 -> 0.00082647829 | AF12: =AE12*$C$28 -> 0.0099177395 | AG12: =AF12/$B$22 -> 0.00099177395
A13: SC | B13: 0 | C13: 4 | D13: 0 | E13: 4 | F13: 0 | I13: 3xH4 | J13: =J12 -> 2 | K13: =K12 -> 9 | L13: =L12 -> 5 | M13: =E18-M11 -> 24 | N13: =F18 -> 48 | O13: =PRODUCT(J13:N13) -> 103680 | P13: =O13/$B$19 -> 0.0013493523 | Q13: =P13*$A$22 -> 0.026987046 | R13: =Q13*D28 -> 0.053974092 | S13: =R13/$B$22 -> 0.0053974092 | W13: 3xH4 | X13: =$B$3+$B$7 -> 2 | Y13: =$C$3+$C$7 -> 9 | Z13: =$D$14 -> 3 | AA13: =$E$18-$E$3-$E$7 -> 24 | AB13: =$F$18 -> 48 | AC13: =PRODUCT(X13:AB13) -> 62208 | AD13: =AC13/$B$19 -> 0.00080961139 | AE13: =AD13 -> 0.00080961139 | AF13: =AE13*$D$28 -> 0.0016192228 | AG13: =AF13/$B$22 -> 0.00016192228
A14: RS | B14: 0 | C14: 0 | D14: 3 | E14: 0 | F14: 0 | I14: 5xL1 | J14: =B3+B8 -> 4 | K14: =C3+C8 -> 9 | L14: =D3+D8 -> 7 | M14: =E3+E8 -> 34 | N14: =F3+F8 -> 5 | O14: =PRODUCT(J14:N14) -> 42840 | P14: =O14/$B$19 -> 0.00055754488 | Q14: =P14*$A$22 -> 0.011150898 | R14: =Q14*B29 -> 0.4460359 | S14: =R14/$B$22 -> 0.04460359 | W14: 5xL1 | X14: =$B$3+$B$8 -> 4 | Y14: =$C$3+$C$8 -> 9 | Z14: =$D$14 -> 3 | AA14: =$E$3+$E$8 -> 34 | AB14: =$F$3+$F$8 -> 5 | AC14: =PRODUCT(X14:AB14) -> 18360 | AD14: =AC14/$B$19 -> 0.00023894781 | AE14: =AD14 -> 0.00023894781 | AF14: =AE14*$B$29 -> 0.0095579122 | AG14: =AF14/$B$22 -> 0.00095579122
A15: Collect | B15: 0 | C15: 0 | D15: 0 | E15: 0 | F15: 0 | I15: 4xL1 | J15: =J14 -> 4 | K15: =K14 -> 9 | L15: =L14 -> 7 | M15: =M14 -> 34 | N15: =F18-N14 -> 43 | O15: =PRODUCT(J15:N15) -> 368424 | P15: =O15/$B$19 -> 0.004794886 | Q15: =P15*$A$22 -> 0.095897719 | R15: =Q15*C29 -> 0.67128403 | S15: =R15/$B$22 -> 0.067128403 | W15: 4xL1 | X15: =$B$3+$B$8 -> 4 | Y15: =$C$3+$C$8 -> 9 | Z15: =$D$14 -> 3 | AA15: =$E$3+$E$8 -> 34 | AB15: =$F$18-$F$3-$F$8 -> 43 | AC15: =PRODUCT(X15:AB15) -> 157896 | AD15: =AC15/$B$19 -> 0.0020549511 | AE15: =AD15 -> 0.0020549511 | AF15: =AE15*$C$29 -> 0.014384658 | AG15: =AF15/$B$22 -> 0.0014384658
A16: Coin | B16: 0 | C16: 0 | D16: 0 | E16: 0 | F16: 0 | I16: 3xL1 | J16: =J14 -> 4 | K16: =K14 -> 9 | L16: =L14 -> 7 | M16: =E18-M14 -> 18 | N16: =F18 -> 48 | O16: =PRODUCT(J16:N16) -> 217728 | P16: =O16/$B$19 -> 0.0028336399 | Q16: =P16*$A$22 -> 0.056672797 | R16: =Q16*D29 -> 0.11334559 | S16: =R16/$B$22 -> 0.011334559 | W16: 3xL1 | X16: =$B$3+$B$8 -> 4 | Y16: =$C$3+$C$8 -> 9 | Z16: =$D$14 -> 3 | AA16: =$E$18-$E$3-$E$8 -> 18 | AB16: =$F$18 -> 48 | AC16: =PRODUCT(X16:AB16) -> 93312 | AD16: =AC16/$B$19 -> 0.0012144171 | AE16: =AD16 -> 0.0012144171 | AF16: =AE16*$D$29 -> 0.0024288342 | AG16: =AF16/$B$22 -> 0.00024288342
A17: Res1 | B17: 0 | C17: 0 | D17: 0 | E17: 0 | F17: 0 | I17: 5xL2 | J17: =B3+B9 -> 7 | K17: =C3+C9 -> 3 | L17: =D3+D9 -> 5 | M17: =E3+E9 -> 28 | N17: =F3+F9 -> 6 | O17: =PRODUCT(J17:N17) -> 17640 | P17: =O17/$B$19 -> 0.0002295773 | Q17: =P17*$A$22 -> 0.0045915461 | R17: =Q17*B30 -> 0.11478865 | S17: =R17/$B$22 -> 0.011478865 | W17: 5xL2 | X17: =$B$3+$B$9 -> 7 | Y17: =$C$3+$C$9 -> 3 | Z17: =$D$14 -> 3 | AA17: =$E$3+$E$9 -> 28 | AB17: =$F$3+$F$9 -> 6 | AC17: =PRODUCT(X17:AB17) -> 10584 | AD17: =AC17/$B$19 -> 0.00013774638 | AE17: =AD17 -> 0.00013774638 | AF17: =AE17*B30 -> 0.0034436595 | AG17: =AF17/$B$22 -> 0.00034436595
A18: Total | B18: =SUM(B3:B17) -> 32 | C18: =SUM(C3:C17) -> 37 | D18: =SUM(D3:D17) -> 26 | E18: =SUM(E3:E17) -> 52 | F18: =SUM(F3:F17) -> 48 | I18: 4xL2 | J18: =J17 -> 7 | K18: =K17 -> 3 | L18: =L17 -> 5 | M18: =M17 -> 28 | N18: =F18-N17 -> 42 | O18: =PRODUCT(J18:N18) -> 123480 | P18: =O18/$B$19 -> 0.0016070411 | Q18: =P18*$A$22 -> 0.032140822 | R18: =Q18*C30 -> 0.16070411 | S18: =R18/$B$22 -> 0.016070411 | W18: 4xL2 | X18: =$B$3+$B$9 -> 7 | Y18: =$C$3+$C$9 -> 3 | Z18: =$D$14 -> 3 | AA18: =$E$3+$E$9 -> 28 | AB18: =$F$18-$F$3-$F$9 -> 42 | AC18: =PRODUCT(X18:AB18) -> 74088 | AD18: =AC18/$B$19 -> 0.00096422467 | AE18: =AD18 -> 0.00096422467 | AF18: =AE18*$C$30 -> 0.0048211234 | AG18: =AF18/$B$22 -> 0.00048211234
A19: Total Cycles | B19: =PRODUCT(B18:F18) -> 76836864 | I19: 3xL2 | J19: =J17 -> 7 | K19: =K17 -> 3 | L19: =L17 -> 5 | M19: =E18-M17 -> 24 | N19: =F18 -> 48 | O19: =PRODUCT(J19:N19) -> 120960 | P19: =O19/$B$19 -> 0.0015742444 | Q19: =P19*$A$22 -> 0.031484887 | R19: =Q19*D30 -> 0.062969775 | S19: =R19/$B$22 -> 0.0062969775 | W19: 3xL2 | X19: =$B$3+$B$9 -> 7 | Y19: =$C$3+$C$9 -> 3 | Z19: =$D$14 -> 3 | AA19: =$E$18-$E$3-$E$9 -> 24 | AB19: =$F$18 -> 48 | AC19: =PRODUCT(X19:AB19) -> 72576 | AD19: =AC19/$B$19 -> 0.00094454662 | AE19: =AD19 -> 0.00094454662 | AF19: =AE19*$D$30 -> 0.0018890932 | AG19: =AF19/$B$22 -> 0.00018890932
I20: 5xL3 | J20: =B3+B10 -> 7 | K20: =C3+C10 -> 3 | L20: =D3+D10 -> 5 | M20: =E3+E10 -> 30 | N20: =F3+F10 -> 6 | O20: =PRODUCT(J20:N20) -> 18900 | P20: =O20/$B$19 -> 0.00024597568 | Q20: =P20*$A$22 -> 0.0049195136 | R20: =Q20*B31 -> 0.12298784 | S20: =R20/$B$22 -> 0.012298784 | W20: 5xL3 | X20: =$B$3+$B$10 -> 7 | Y20: =$C$3+$C$10 -> 3 | Z20: =$D$14 -> 3 | AA20: =$E$3+$E$10 -> 30 | AB20: =$F$3+$F$10 -> 6 | AC20: =PRODUCT(X20:AB20) -> 11340 | AD20: =AC20/$B$19 -> 0.00014758541 | AE20: =AD20 -> 0.00014758541 | AF20: =AE20*$B$31 -> 0.0036896352 | AG20: =AF20/$B$22 -> 0.00036896352
A21: Total Lines | B21: Wage | I21: 4xL3 | J21: =J20 -> 7 | K21: =K20 -> 3 | L21: =L20 -> 5 | M21: =M20 -> 30 | N21: =F18-N20 -> 42 | O21: =PRODUCT(J21:N21) -> 132300 | P21: =O21/$B$19 -> 0.0017218298 | Q21: =P21*$A$22 -> 0.034436595 | R21: =Q21*C31 -> 0.17218298 | S21: =R21/$B$22 -> 0.017218298 | W21: 4xL3 | X21: =$B$3+$B$10 -> 7 | Y21: =$C$3+$C$10 -> 3 | Z21: =$D$14 -> 3 | AA21: =$E$3+$E$10 -> 30 | AB21: =$F$18-$F$3-$F$10 -> 42 | AC21: =PRODUCT(X21:AB21) -> 79380 | AD21: =AC21/$B$19 -> 0.0010330979 | AE21: =AD21 -> 0.0010330979 | AF21: =AE21*$C$31 -> 0.0051654893 | AG21: =AF21/$B$22 -> 0.00051654893
A22: 20 | B22: 10 | I22: 3xL3 | J22: =J20 -> 7 | K22: =K20 -> 3 | L22: =L20 -> 5 | M22: =E18-M20 -> 22 | N22: =F18 -> 48 | O22: =PRODUCT(J22:N22) -> 110880 | P22: =O22/$B$19 -> 0.0014430573 | Q22: =P22*$A$22 -> 0.028861147 | R22: =Q22*D31 -> 0.057722293 | S22: =R22/$B$22 -> 0.0057722293 | W22: 3xL3 | X22: =$B$3+$B$10 -> 7 | Y22: =$C$3+$C$10 -> 3 | Z22: =$D$14 -> 3 | AA22: =$E$18-$E$3-$E$10 -> 22 | AB22: =$F$18 -> 48 | AC22: =PRODUCT(X22:AB22) -> 66528 | AD22: =AC22/$B$19 -> 0.0008658344 | AE22: =AD22 -> 0.0008658344 | AF22: =AE22*D31 -> 0.0017316688 | AG22: =AF22/$B$22 -> 0.00017316688
I23: 5xL4 | J23: =B3+B11 -> 2 | K23: =C3+C11 -> 7 | L23: =D3+D11 -> 3 | M23: =E3+E11 -> 28 | N23: =F3+F11 -> 6 | O23: =PRODUCT(J23:N23) -> 7056 | P23: =O23/$B$19 -> 9.1830921e-05 | Q23: =P23*$A$22 -> 0.0018366184 | R23: =Q23*B32 -> 0.045915461 | S23: =R23/$B$22 -> 0.0045915461 | W23: 5xL4 | X23: =$B$3+$B$11 -> 2 | Y23: =$C$3+$C$11 -> 7 | Z23: =$D$14 -> 3 | AA23: =$E$3+$E$11 -> 28 | AB23: =$F$3+$F$11 -> 6 | AC23: =PRODUCT(X23:AB23) -> 7056 | AD23: =AC23/$B$19 -> 9.1830921e-05 | AE23: =AD23 -> 9.1830921e-05 | AF23: =AE23*$B$32 -> 0.002295773 | AG23: =AF23/$B$22 -> 0.0002295773
A24: Symbol | B24: 5 OAK | C24: 4 OAK | D24: 3 OAK | I24: 4xL4 | J24: =J23 -> 2 | K24: =K23 -> 7 | L24: =L23 -> 3 | M24: =M23 -> 28 | N24: =F18-N23 -> 42 | O24: =PRODUCT(J24:N24) -> 49392 | P24: =O24/$B$19 -> 0.00064281645 | Q24: =P24*$A$22 -> 0.012856329 | R24: =Q24*C32 -> 0.064281645 | S24: =R24/$B$22 -> 0.0064281645 | W24: 4xL4 | X24: =$B$3+$B$11 -> 2 | Y24: =$C$3+$C$11 -> 7 | Z24: =$D$14 -> 3 | AA24: =$E$3+$E$11 -> 28 | AB24: =$F$18-$F$3-$F$11 -> 42 | AC24: =PRODUCT(X24:AB24) -> 49392 | AD24: =AC24/$B$19 -> 0.00064281645 | AE24: =AD24 -> 0.00064281645 | AF24: =AE24*$C$32 -> 0.0032140822 | AG24: =AF24/$B$22 -> 0.00032140822
A25: H1 | B25: 75 | C25: 25 | D25: 2 | I25: 3xL4 | J25: =J23 -> 2 | K25: =K23 -> 7 | L25: =L23 -> 3 | M25: =E18-M23 -> 24 | N25: =F18 -> 48 | O25: =PRODUCT(J25:N25) -> 48384 | P25: =O25/$B$19 -> 0.00062969775 | Q25: =P25*$A$22 -> 0.012593955 | R25: =Q25*D32 -> 0.02518791 | S25: =R25/$B$22 -> 0.002518791 | W25: 3xL4 | X25: =$B$3+$B$11 -> 2 | Y25: =$C$3+$C$11 -> 7 | Z25: =$D$14 -> 3 | AA25: =$E$18-$E$3-$E$11 -> 24 | AB25: =$F$18 -> 48 | AC25: =PRODUCT(X25:AB25) -> 48384 | AD25: =AC25/$B$19 -> 0.00062969775 | AE25: =AD25 -> 0.00062969775 | AF25: =AE25*$D$32 -> 0.0012593955 | AG25: =AF25/$B$22 -> 0.00012593955
A26: H2 | B26: 50 | C26: 12 | D26: 2 | I26: 5xL5 | J26: =B3+B12 -> 2 | K26: =C3+C12 -> 7 | L26: =D3+D12 -> 3 | M26: =E3+E12 -> 32 | N26: =F3+F12 -> 6 | O26: =PRODUCT(J26:N26) -> 8064 | P26: =O26/$B$19 -> 0.00010494962 | Q26: =P26*$A$22 -> 0.0020989925 | R26: =Q26*B33 -> 0.052474812 | S26: =R26/$B$22 -> 0.0052474812 | W26: 5xL5 | X26: =$B$3+$B$12 -> 2 | Y26: =$C$3+$C$12 -> 7 | Z26: =$D$14 -> 3 | AA26: =$E$3+$E$12 -> 32 | AB26: =$F$3+$F$12 -> 6 | AC26: =PRODUCT(X26:AB26) -> 8064 | AD26: =AC26/$B$19 -> 0.00010494962 | AE26: =AD26 -> 0.00010494962 | AF26: =AE26*$B$33 -> 0.0026237406 | AG26: =AF26/$B$22 -> 0.00026237406
A27: H3 | B27: 50 | C27: 12 | D27: 2 | I27: 4xL5 | J27: =J26 -> 2 | K27: =K26 -> 7 | L27: =L26 -> 3 | M27: =M26 -> 32 | N27: =F18-N26 -> 42 | O27: =PRODUCT(J27:N27) -> 56448 | P27: =O27/$B$19 -> 0.00073464737 | Q27: =P27*$A$22 -> 0.014692947 | R27: =Q27*C33 -> 0.073464737 | S27: =R27/$B$22 -> 0.0073464737 | W27: 4xL5 | X27: =$B$3+$B$12 -> 2 | Y27: =$C$3+$C$12 -> 7 | Z27: =$D$14 -> 3 | AA27: =$E$3+$E$12 -> 32 | AB27: =$F$18-$F$3-$F$12 -> 42 | AC27: =PRODUCT(X27:AB27) -> 56448 | AD27: =AC27/$B$19 -> 0.00073464737 | AE27: =AD27 -> 0.00073464737 | AF27: =AE27*$C$33 -> 0.0036732368 | AG27: =AF27/$B$22 -> 0.00036732368
A28: H4 | B28: 50 | C28: 12 | D28: 2 | I28: 3xL5 | J28: =J26 -> 2 | K28: =K26 -> 7 | L28: =L26 -> 3 | M28: =E18-M26 -> 20 | N28: =F18 -> 48 | O28: =PRODUCT(J28:N28) -> 40320 | P28: =O28/$B$19 -> 0.00052474812 | Q28: =P28*$A$22 -> 0.010494962 | R28: =Q28*D33 -> 0.020989925 | S28: =R28/$B$22 -> 0.0020989925 | W28: 3xL5 | X28: =$B$3+$B$12 -> 2 | Y28: =$C$3+$C$12 -> 7 | Z28: =$D$14 -> 3 | AA28: =$E$18-E3-$E$12 -> 20 | AB28: =$F$18 -> 48 | AC28: =PRODUCT(X28:AB28) -> 40320 | AD28: =AC28/$B$19 -> 0.00052474812 | AE28: =AD28 -> 0.00052474812 | AF28: =AE28*$D$33 -> 0.0010494962 | AG28: =AF28/$B$22 -> 0.00010494962
A29: L1 | B29: 40 | C29: 7 | D29: 2 | P29: =SUM(P2:P28) -> 0.022219335 | Q29: =SUM(Q2:Q28) -> 0.44438669 | R29: =SUM(R2:R28) -> 3.1930486 | S29: =SUM(S2:S28) -> 0.31930486 | AD29: =SUM(AD2:AD28) -> 0.012863825 | AE29: =SUM(AE2:AE28) -> 0.012863825 | AF29: =SUM(AF2:AF28) -> 0.088051798 | AG29: =SUM(AG2:AG28) -> 0.0088051798
A30: L2 | B30: 25 | C30: 5 | D30: 2
A31: L3 | B31: 25 | C31: 5 | D31: 2
A32: L4 | B32: 25 | C32: 5 | D32: 2 | I32: Prize SC | J32: R1 | K32: R2 | L32: R3 | M32: R4 | N32: R5 | O32: HITS | P32: Hit Rate | Q32: Total Hit Rate | R32: RTP(%) | S32: RTP(%) 1c | W32: Prize SC with RS | X32: R1 | Y32: R2 | Z32: R3 | AA32: R4 | AB32: R5 | AC32: HITS | AD32: Hit Rate | AE32: Total Hit Rate | AF32: RTP(%) | AG32: RTP(%) 1c
A33: L5 | B33: 25 | C33: 5 | D33: 2 | I33: 3xSC | J33: =$B$18 -> 32 | K33: =$C$13*3 -> 12 | L33: =$D$13*3 -> 0 | M33: =$E$13*3 -> 12 | N33: =$F$18 -> 48 | O33: =PRODUCT(J33:N33) -> 0 | P33: =O33/$B$19 -> 0 | Q33: =P33 -> 0 | R33: =Q33*D34 -> 0 | S33: =R33 -> 0 | W33: SC,RS,SC | X33: =$B$18 -> 32 | Y33: =$C$13*3 -> 12 | Z33: =$D$14*3 -> 9 | AA33: =$E$13*3 -> 12 | AB33: =$F$18 -> 48 | AC33: =PRODUCT(X33:AB33) -> 1990656 | AD33: =AC33/$B$19 -> 0.025907564 | AE33: =AD33 -> 0.025907564 | AF33: =AE33*$D$34 -> 0.025907564 | AG33: =AF33 -> 0.025907564
A34: SC | B34: 50 | C34: 5 | D34: 1
I36: Normal Win Total RTP | S36: =S29+S33 -> 0.31930486 | W36: RS Win Total RTP | AG36: =AG29+AG33 -> 0.034712744
A37: Jackpot
A38: Name | B38: Prize | I38: CompositeRS | K38: Prob | L38: RTP
A39: MEGA | B39: 1250 | I39: Line Win with RS | K39: 0.75 | L39: =$K$39*$AG$29 -> 0.0066038848
A40: MAJOR | B40: 125 | I40: Scatter Win with RS | K40: 0.75 | L40: =$K$40*$AG$33 -> 0.019430673
A41: MINOR | B41: 25 | L41: =SUM(L39:L40) -> 0.026034558
A42: MAXI | B42: 10 | I42: Composite RTP | S42: =S36+L41 -> 0.34533942
A43: MINI | B43: 5
X45: 32 | Y45: 12 | Z45: =D18 -> 26 | AA45: 12 | AB45: =F18 -> 48 | AC45: =PRODUCT(X45:AB45) -> 5750784 | AD45: =AC45/B19 -> 0.074844075
A46: Digger Averge Pay
A47: 10 | J47: No LineWinWith RS
K48: =1-AE29 -> 0.98713617 | L48: 1 | M48: =K48*L48 -> 0.98713617
J49: No ScatterWinWith RS
J54: Chance of RS | Q54: Prob
J55: case 1 | K55: =$B$18 -> 32 | L55: =$C$18 -> 37 | M55: =D14*3 -> 9 | N55: =$E$18 -> 52 | O55: =$F$18 -> 48 | P55: =PRODUCT(K55:O55) -> 26597376 | Q55: =P55/B19 -> 0.34615385 | S55: =Q55*AE33 -> 0.0089680031 | W55: =Q55-AE33 -> 0.32024628 | X55: =W55*A47 -> 3.2024628
J56: case 2 | W56: =Q55-AE29 -> 0.33329002 | X56: =W56*A47 -> 3.3329002
Q57: Can't cal prob of None Line RS and Scatter RS case, abort
X59: =X56*2 -> 6.6658004
AE60: =1-AE29 -> 0.98713617
S61: =S36+AG33 -> 0.34521242 | AF61: =AE60-Q55 -> 0.64098233

Sheet Step-6
A1: Symbol Set Population | B1: Symbol Set Population | C1: Symbol Set Population | D1: Symbol Set Population | E1: Symbol Set Population | F1: Symbol Set Population | I1: Prize | J1: R1 | K1: R2 | L1: R3 | M1: R4 | N1: R5 | O1: HITS | P1: Hit Rate | Q1: Total Hit Rate | R1: RTP(%) | S1: RTP(%) 1c | W1: Prize With RS | X1: R1 | Y1: R2 | Z1: R3 | AA1: R4 | AB1: R5 | AC1: HITS | AD1: Hit Rate | AE1: Total Hit Rate | AF1: RTP(%) | AG1: RTP(%) 1c
A2: Symbol | B2: BaseRS11R0 | C2: BaseRS11R1 | D2: BaseRS11R2 | E2: BaseRS11R3 | F2: BaseRS11R4 | I2: 5xH1 | J2: =B3+B4 -> 2 | K2: =C3+C4 -> 1 | L2: =D3+D4 -> 6 | M2: =E3+E4 -> 32 | N2: =F3+F4 -> 3 | O2: =PRODUCT(J2:N2) -> 1152 | P2: =O2/$B$19 -> 1.7718768e-05 | Q2: =P2*$A$22 -> 0.00035437535 | R2: =Q2*B25 -> 0.026578152 | S2: =R2/$B$22 -> 0.0026578152 | W2: 5xH1 | X2: =$B$3+$B$4 -> 2 | Y2: =$C$3+$C$4 -> 1 | Z2: =$D$14 -> 2 | AA2: =$E$3+$E$4 -> 32 | AB2: =$F$3+$F$4 -> 3 | AC2: =PRODUCT(X2:AB2) -> 384 | AD2: =AC2/$B$19 -> 5.9062559e-06 | AE2: =AD2*20 -> 0.00011812512 | AF2: =AE2*B25 -> 0.0088593839 | AG2: =AF2/$B$22 -> 0.00088593839
A3: WD | B3: 0 | C3: 1 | D3: 0 | E3: 28 | F3: 0 | I3: 4xH1 | J3: =J2 -> 2 | K3: =K2 -> 1 | L3: =L2 -> 6 | M3: =M2 -> 32 | N3: =F18-N2 -> 45 | O3: =PRODUCT(J3:N3) -> 17280 | P3: =O3/$B$19 -> 0.00026578152 | Q3: =P3*$A$22 -> 0.0053156303 | R3: =Q3*C25 -> 0.13289076 | S3: =R3/$B$22 -> 0.013289076 | W3: 4xH1 | X3: =$B$3+$B$4 -> 2 | Y3: =$C$3+$C$4 -> 1 | Z3: =$D$14 -> 2 | AA3: =$E$3+$E$4 -> 32 | AB3: =$F$18-$F$3-$F$4 -> 45 | AC3: =PRODUCT(X3:AB3) -> 5760 | AD3: =AC3/$B$19 -> 8.8593839e-05 | AE3: =AD3*20 -> 0.0017718768 | AF3: =AE3*C25 -> 0.044296919 | AG3: =AF3/$B$22 -> 0.0044296919
A4: H1 | B4: 2 | C4: 0 | D4: 6 | E4: 4 | F4: 3 | I4: 3xH1 | J4: =J2 -> 2 | K4: =K2 -> 1 | L4: =L2 -> 6 | M4: =E18-M2 -> 20 | N4: 48 | O4: =PRODUCT(J4:N4) -> 11520 | P4: =O4/$B$19 -> 0.00017718768 | Q4: =P4*$A$22 -> 0.0035437535 | R4: =Q4*D25 -> 0.0070875071 | S4: =R4/$B$22 -> 0.00070875071 | W4: 3xH1 | X4: =$B$3+$B$4 -> 2 | Y4: =$C$3+$C$4 -> 1 | Z4: =$D$14 -> 2 | AA4: =$E$18-$E$3-$E$4 -> 20 | AB4: =$F$18 -> 48 | AC4: =PRODUCT(X4:AB4) -> 3840 | AD4: =AC4/$B$19 -> 5.9062559e-05 | AE4: =AD4*20 -> 0.0011812512 | AF4: =AE4*D25 -> 0.0023625024 | AG4: =AF4/$B$22 -> 0.00023625024
A5: H2 | B5: 3 | C5: 0 | D5: 4 | E5: 4 | F5: 4 | I5: 5xH2 | J5: =B3+B5 -> 3 | K5: =C3+C5 -> 1 | L5: =D3+D5 -> 4 | M5: =E3+E5 -> 32 | N5: =F3+F5 -> 4 | O5: =PRODUCT(J5:N5) -> 1536 | P5: =O5/$B$19 -> 2.3625024e-05 | Q5: =P5*$A$22 -> 0.00047250047 | R5: =Q5*B26 -> 0.023625024 | S5: =R5/$B$22 -> 0.0023625024 | W5: 5xH2 | X5: =$B$3+$B$5 -> 3 | Y5: =$C$3+$C$5 -> 1 | Z5: =$D$14 -> 2 | AA5: =$E$3+$E$5 -> 32 | AB5: =$F$3+$F$5 -> 4 | AC5: =PRODUCT(X5:AB5) -> 768 | AD5: =AC5/$B$19 -> 1.1812512e-05 | AE5: =AD5*20 -> 0.00023625024 | AF5: =AE5*$B$26 -> 0.011812512 | AG5: =AF5/$B$22 -> 0.0011812512
A6: H3 | B6: 3 | C6: 0 | D6: 0 | E6: 0 | F6: 6 | I6: 4xH2 | J6: =J5 -> 3 | K6: =K5 -> 1 | L6: =L5 -> 4 | M6: =M5 -> 32 | N6: =F18-N5 -> 44 | O6: =PRODUCT(J6:N6) -> 16896 | P6: =O6/$B$19 -> 0.00025987526 | Q6: =P6*$A$22 -> 0.0051975052 | R6: =Q6*C26 -> 0.062370062 | S6: =R6/$B$22 -> 0.0062370062 | W6: 4xH2 | X6: =$B$3+$B$5 -> 3 | Y6: =$C$3+$C$5 -> 1 | Z6: =$D$14 -> 2 | AA6: =$E$3+$E$5 -> 32 | AB6: =$F$18-$F$3-$F$5 -> 44 | AC6: =PRODUCT(X6:AB6) -> 8448 | AD6: =AC6/$B$19 -> 0.00012993763 | AE6: =AD6*20 -> 0.0025987526 | AF6: =AE6*$C$26 -> 0.031185031 | AG6: =AF6/$B$22 -> 0.0031185031
A7: H4 | B7: 2 | C7: 8 | D7: 2 | E7: 0 | F7: 6 | I7: 3xH2 | J7: =J5 -> 3 | K7: =K5 -> 1 | L7: =L5 -> 4 | M7: =$E$18-$E$3-$E$5 -> 20 | N7: =F18 -> 48 | O7: =PRODUCT(J7:N7) -> 11520 | P7: =O7/$B$19 -> 0.00017718768 | Q7: =P7*$A$22 -> 0.0035437535 | R7: =Q7*D26 -> 0.0070875071 | S7: =R7/$B$22 -> 0.00070875071 | W7: 3xH2 | X7: =$B$3+$B$5 -> 3 | Y7: =$C$3+$C$5 -> 1 | Z7: =$D$14 -> 2 | AA7: =$E$18-$E$3-$E$5 -> 20 | AB7: =$F$18 -> 48 | AC7: =PRODUCT(X7:AB7) -> 5760 | AD7: =AC7/$B$19 -> 8.8593839e-05 | AE7: =AD7*20 -> 0.0017718768 | AF7: =AE7*$D$26 -> 0.0035437535 | AG7: =AF7/$B$22 -> 0.00035437535
A8: L1 | B8: 4 | C8: 8 | D8: 4 | E8: 6 | F8: 5 | I8: 5xH3 | J8: =B3+B6 -> 3 | K8: =C3+C6 -> 1 | L8: =D3+D6 -> 0 | M8: =E3+E6 -> 28 | N8: =F3+F6 -> 6 | O8: =PRODUCT(J8:N8) -> 0 | P8: =O8/$B$19 -> 0 | Q8: =P8*$A$22 -> 0 | R8: =Q8*B27 -> 0 | S8: =R8/$B$22 -> 0 | W8: 5xH3 | X8: =$B$3+$B$6 -> 3 | Y8: =$C$3+$C$6 -> 1 | Z8: =$D$14 -> 2 | AA8: =$E$3+$E$6 -> 28 | AB8: =$F$3+$F$6 -> 6 | AC8: =PRODUCT(X8:AB8) -> 1008 | AD8: =AC8/$B$19 -> 1.5503922e-05 | AE8: =AD8*20 -> 0.00031007844 | AF8: =AE8*$B$27 -> 0.015503922 | AG8: =AF8/$B$22 -> 0.0015503922
A9: L2 | B9: 7 | C9: 2 | D9: 2 | E9: 0 | F9: 6 | I9: 4xH3 | J9: =J8 -> 3 | K9: =K8 -> 1 | L9: =L8 -> 0 | M9: =M8 -> 28 | N9: =F18-N8 -> 42 | O9: =PRODUCT(J9:N9) -> 0 | P9: =O9/$B$19 -> 0 | Q9: =P9*$A$22 -> 0 | R9: =Q9*C27 -> 0 | S9: =R9/$B$22 -> 0 | W9: 4xH3 | X9: =$B$3+$B$6 -> 3 | Y9: =$C$3+$C$6 -> 1 | Z9: =$D$14 -> 2 | AA9: =$E$3+$E$6 -> 28 | AB9: =$F$18-$F$3-$F$6 -> 42 | AC9: =PRODUCT(X9:AB9) -> 7056 | AD9: =AC9/$B$19 -> 0.00010852745 | AE9: =AD9*20 -> 0.002170549 | AF9: =AE9*$C$27 -> 0.026046589 | AG9: =AF9/$B$22 -> 0.0026046589
A10: L3 | B10: 7 | C10: 2 | D10: 2 | E10: 2 | F10: 6 | I10: 3xH3 | J10: =J9 -> 3 | K10: =K9 -> 1 | L10: =L9 -> 0 | M10: =E18-M9 -> 24 | N10: =F18 -> 48 | O10: =PRODUCT(J10:N10) -> 0 | P10: =O10/$B$19 -> 0 | Q10: =P10*$A$22 -> 0 | R10: =Q10*D27 -> 0 | S10: =R10/$B$22 -> 0 | W10: 3xH3 | X10: =$B$3+$B$6 -> 3 | Y10: =$C$3+$C$6 -> 1 | Z10: =$D$14 -> 2 | AA10: =$E$18-$E$3-$E$6 -> 24 | AB10: =$F$18 -> 48 | AC10: =PRODUCT(X10:AB10) -> 6912 | AD10: =AC10/$B$19 -> 0.00010631261 | AE10: =AD10*20 -> 0.0021262521 | AF10: =AE10*D27 -> 0.0042525043 | AG10: =AF10/$B$22 -> 0.00042525043
A11: L4 | B11: 2 | C11: 6 | D11: 0 | E11: 0 | F11: 6 | I11: 5xH4 | J11: =B3+B7 -> 2 | K11: =C3+C7 -> 9 | L11: =D3+D7 -> 2 | M11: =E3+E7 -> 28 | N11: =F3+F7 -> 6 | O11: =PRODUCT(J11:N11) -> 6048 | P11: =O11/$B$19 -> 9.3023531e-05 | Q11: =P11*$A$22 -> 0.0018604706 | R11: =Q11*B28 -> 0.093023531 | S11: =R11/$B$22 -> 0.0093023531 | W11: 5xH4 | X11: =$B$3+$B$7 -> 2 | Y11: =$C$3+$C$7 -> 9 | Z11: =$D$14 -> 2 | AA11: =$E$3+$E$7 -> 28 | AB11: =$F$3+$F$7 -> 6 | AC11: =PRODUCT(X11:AB11) -> 6048 | AD11: =AC11/$B$19 -> 9.3023531e-05 | AE11: =AD11*20 -> 0.0018604706 | AF11: =AE11*B28 -> 0.093023531 | AG11: =AF11/$B$22 -> 0.0093023531
A12: L5 | B12: 2 | C12: 6 | D12: 0 | E12: 4 | F12: 6 | I12: 4xH4 | J12: =J11 -> 2 | K12: =K11 -> 9 | L12: =L11 -> 2 | M12: =M11 -> 28 | N12: =F18-N11 -> 42 | O12: =PRODUCT(J12:N12) -> 42336 | P12: =O12/$B$19 -> 0.00065116471 | Q12: =P12*$A$22 -> 0.013023294 | R12: =Q12*C28 -> 0.15627953 | S12: =R12/$B$22 -> 0.015627953 | W12: 4xH4 | X12: =$B$3+$B$7 -> 2 | Y12: =$C$3+$C$7 -> 9 | Z12: =$D$14 -> 2 | AA12: =AA11 -> 28 | AB12: =$F$18-$F$3-$F$7 -> 42 | AC12: =PRODUCT(X12:AB12) -> 42336 | AD12: =AC12/$B$19 -> 0.00065116471 | AE12: =AD12*20 -> 0.013023294 | AF12: =AE12*$C$28 -> 0.15627953 | AG12: =AF12/$B$22 -> 0.015627953
A13: SC | B13: 0 | C13: 4 | D13: 0 | E13: 4 | F13: 0 | I13: 3xH4 | J13: =J12 -> 2 | K13: =K12 -> 9 | L13: =L12 -> 2 | M13: =E18-M11 -> 24 | N13: =F18 -> 48 | O13: =PRODUCT(J13:N13) -> 41472 | P13: =O13/$B$19 -> 0.00063787564 | Q13: =P13*$A$22 -> 0.012757513 | R13: =Q13*D28 -> 0.025515026 | S13: =R13/$B$22 -> 0.0025515026 | W13: 3xH4 | X13: =$B$3+$B$7 -> 2 | Y13: =$C$3+$C$7 -> 9 | Z13: =$D$14 -> 2 | AA13: =$E$18-$E$3-$E$7 -> 24 | AB13: =$F$18 -> 48 | AC13: =PRODUCT(X13:AB13) -> 41472 | AD13: =AC13/$B$19 -> 0.00063787564 | AE13: =AD13*20 -> 0.012757513 | AF13: =AE13*$D$28 -> 0.025515026 | AG13: =AF13/$B$22 -> 0.0025515026
A14: RS | B14: 0 | C14: 0 | D14: 2 | E14: 0 | F14: 0 | I14: 5xL1 | J14: =B3+B8 -> 4 | K14: =C3+C8 -> 9 | L14: =D3+D8 -> 4 | M14: =E3+E8 -> 34 | N14: =F3+F8 -> 5 | O14: =PRODUCT(J14:N14) -> 24480 | P14: =O14/$B$19 -> 0.00037652381 | Q14: =P14*$A$22 -> 0.0075304763 | R14: =Q14*B29 -> 0.30121905 | S14: =R14/$B$22 -> 0.030121905 | W14: 5xL1 | X14: =$B$3+$B$8 -> 4 | Y14: =$C$3+$C$8 -> 9 | Z14: =$D$14 -> 2 | AA14: =$E$3+$E$8 -> 34 | AB14: =$F$3+$F$8 -> 5 | AC14: =PRODUCT(X14:AB14) -> 12240 | AD14: =AC14/$B$19 -> 0.00018826191 | AE14: =AD14*20 -> 0.0037652381 | AF14: =AE14*$B$29 -> 0.15060953 | AG14: =AF14/$B$22 -> 0.015060953
A15: Collect | B15: 0 | C15: 0 | D15: 0 | E15: 0 | F15: 0 | I15: 4xL1 | J15: =J14 -> 4 | K15: =K14 -> 9 | L15: =L14 -> 4 | M15: =M14 -> 34 | N15: =F18-N14 -> 43 | O15: =PRODUCT(J15:N15) -> 210528 | P15: =O15/$B$19 -> 0.0032381048 | Q15: =P15*$A$22 -> 0.064762096 | R15: =Q15*C29 -> 0.45333467 | S15: =R15/$B$22 -> 0.045333467 | W15: 4xL1 | X15: =$B$3+$B$8 -> 4 | Y15: =$C$3+$C$8 -> 9 | Z15: =$D$14 -> 2 | AA15: =$E$3+$E$8 -> 34 | AB15: =$F$18-$F$3-$F$8 -> 43 | AC15: =PRODUCT(X15:AB15) -> 105264 | AD15: =AC15/$B$19 -> 0.0016190524 | AE15: =AD15*20 -> 0.032381048 | AF15: =AE15*$C$29 -> 0.22666734 | AG15: =AF15/$B$22 -> 0.022666734
A16: Coin | B16: 0 | C16: 0 | D16: 0 | E16: 0 | F16: 0 | I16: 3xL1 | J16: =J14 -> 4 | K16: =K14 -> 9 | L16: =L14 -> 4 | M16: =E18-M14 -> 18 | N16: =F18 -> 48 | O16: =PRODUCT(J16:N16) -> 124416 | P16: =O16/$B$19 -> 0.0019136269 | Q16: =P16*$A$22 -> 0.038272538 | R16: =Q16*D29 -> 0.076545077 | S16: =R16/$B$22 -> 0.0076545077 | W16: 3xL1 | X16: =$B$3+$B$8 -> 4 | Y16: =$C$3+$C$8 -> 9 | Z16: =$D$14 -> 2 | AA16: =$E$18-$E$3-$E$8 -> 18 | AB16: =$F$18 -> 48 | AC16: =PRODUCT(X16:AB16) -> 62208 | AD16: =AC16/$B$19 -> 0.00095681346 | AE16: =AD16*20 -> 0.019136269 | AF16: =AE16*$D$29 -> 0.038272538 | AG16: =AF16/$B$22 -> 0.0038272538
A17: Res1 | B17: 0 | C17: 0 | D17: 0 | E17: 0 | F17: 0 | I17: 5xL2 | J17: =B3+B9 -> 7 | K17: =C3+C9 -> 3 | L17: =D3+D9 -> 2 | M17: =E3+E9 -> 28 | N17: =F3+F9 -> 6 | O17: =PRODUCT(J17:N17) -> 7056 | P17: =O17/$B$19 -> 0.00010852745 | Q17: =P17*$A$22 -> 0.002170549 | R17: =Q17*B30 -> 0.054263726 | S17: =R17/$B$22 -> 0.0054263726 | W17: 5xL2 | X17: =$B$3+$B$9 -> 7 | Y17: =$C$3+$C$9 -> 3 | Z17: =$D$14 -> 2 | AA17: =$E$3+$E$9 -> 28 | AB17: =$F$3+$F$9 -> 6 | AC17: =PRODUCT(X17:AB17) -> 7056 | AD17: =AC17/$B$19 -> 0.00010852745 | AE17: =AD17*20 -> 0.002170549 | AF17: =AE17*B30 -> 0.054263726 | AG17: =AF17/$B$22 -> 0.0054263726
A18: Total | B18: =SUM(B3:B17) -> 32 | C18: =SUM(C3:C17) -> 37 | D18: =SUM(D3:D17) -> 22 | E18: =SUM(E3:E17) -> 52 | F18: =SUM(F3:F17) -> 48 | I18: 4xL2 | J18: =J17 -> 7 | K18: =K17 -> 3 | L18: =L17 -> 2 | M18: =M17 -> 28 | N18: =F18-N17 -> 42 | O18: =PRODUCT(J18:N18) -> 49392 | P18: =O18/$B$19 -> 0.00075969217 | Q18: =P18*$A$22 -> 0.015193843 | R18: =Q18*C30 -> 0.075969217 | S18: =R18/$B$22 -> 0.0075969217 | W18: 4xL2 | X18: =$B$3+$B$9 -> 7 | Y18: =$C$3+$C$9 -> 3 | Z18: =$D$14 -> 2 | AA18: =$E$3+$E$9 -> 28 | AB18: =$F$18-$F$3-$F$9 -> 42 | AC18: =PRODUCT(X18:AB18) -> 49392 | AD18: =AC18/$B$19 -> 0.00075969217 | AE18: =AD18*20 -> 0.015193843 | AF18: =AE18*$C$30 -> 0.075969217 | AG18: =AF18/$B$22 -> 0.0075969217
A19: Total Cycles | B19: =PRODUCT(B18:F18) -> 65015808 | I19: 3xL2 | J19: =J17 -> 7 | K19: =K17 -> 3 | L19: =L17 -> 2 | M19: =E18-M17 -> 24 | N19: =F18 -> 48 | O19: =PRODUCT(J19:N19) -> 48384 | P19: =O19/$B$19 -> 0.00074418824 | Q19: =P19*$A$22 -> 0.014883765 | R19: =Q19*D30 -> 0.02976753 | S19: =R19/$B$22 -> 0.002976753 | W19: 3xL2 | X19: =$B$3+$B$9 -> 7 | Y19: =$C$3+$C$9 -> 3 | Z19: =$D$14 -> 2 | AA19: =$E$18-$E$3-$E$9 -> 24 | AB19: =$F$18 -> 48 | AC19: =PRODUCT(X19:AB19) -> 48384 | AD19: =AC19/$B$19 -> 0.00074418824 | AE19: =AD19*20 -> 0.014883765 | AF19: =AE19*$D$30 -> 0.02976753 | AG19: =AF19/$B$22 -> 0.002976753
I20: 5xL3 | J20: =B3+B10 -> 7 | K20: =C3+C10 -> 3 | L20: =D3+D10 -> 2 | M20: =E3+E10 -> 30 | N20: =F3+F10 -> 6 | O20: =PRODUCT(J20:N20) -> 7560 | P20: =O20/$B$19 -> 0.00011627941 | Q20: =P20*$A$22 -> 0.0023255883 | R20: =Q20*B31 -> 0.058139707 | S20: =R20/$B$22 -> 0.0058139707 | W20: 5xL3 | X20: =$B$3+$B$10 -> 7 | Y20: =$C$3+$C$10 -> 3 | Z20: =$D$14 -> 2 | AA20: =$E$3+$E$10 -> 30 | AB20: =$F$3+$F$10 -> 6 | AC20: =PRODUCT(X20:AB20) -> 7560 | AD20: =AC20/$B$19 -> 0.00011627941 | AE20: =AD20*20 -> 0.0023255883 | AF20: =AE20*$B$31 -> 0.058139707 | AG20: =AF20/$B$22 -> 0.0058139707
A21: Total Lines | B21: Wage | I21: 4xL3 | J21: =J20 -> 7 | K21: =K20 -> 3 | L21: =L20 -> 2 | M21: =M20 -> 30 | N21: =F18-N20 -> 42 | O21: =PRODUCT(J21:N21) -> 52920 | P21: =O21/$B$19 -> 0.00081395589 | Q21: =P21*$A$22 -> 0.016279118 | R21: =Q21*C31 -> 0.081395589 | S21: =R21/$B$22 -> 0.0081395589 | W21: 4xL3 | X21: =$B$3+$B$10 -> 7 | Y21: =$C$3+$C$10 -> 3 | Z21: =$D$14 -> 2 | AA21: =$E$3+$E$10 -> 30 | AB21: =$F$18-$F$3-$F$10 -> 42 | AC21: =PRODUCT(X21:AB21) -> 52920 | AD21: =AC21/$B$19 -> 0.00081395589 | AE21: =AD21*20 -> 0.016279118 | AF21: =AE21*$C$31 -> 0.081395589 | AG21: =AF21/$B$22 -> 0.0081395589
A22: 20 | B22: 10 | I22: 3xL3 | J22: =J20 -> 7 | K22: =K20 -> 3 | L22: =L20 -> 2 | M22: =E18-M20 -> 22 | N22: =F18 -> 48 | O22: =PRODUCT(J22:N22) -> 44352 | P22: =O22/$B$19 -> 0.00068217256 | Q22: =P22*$A$22 -> 0.013643451 | R22: =Q22*D31 -> 0.027286902 | S22: =R22/$B$22 -> 0.0027286902 | W22: 3xL3 | X22: =$B$3+$B$10 -> 7 | Y22: =$C$3+$C$10 -> 3 | Z22: =$D$14 -> 2 | AA22: =$E$18-$E$3-$E$10 -> 22 | AB22: =$F$18 -> 48 | AC22: =PRODUCT(X22:AB22) -> 44352 | AD22: =AC22/$B$19 -> 0.00068217256 | AE22: =AD22*20 -> 0.013643451 | AF22: =AE22*D31 -> 0.027286902 | AG22: =AF22/$B$22 -> 0.0027286902
I23: 5xL4 | J23: =B3+B11 -> 2 | K23: =C3+C11 -> 7 | L23: =D3+D11 -> 0 | M23: =E3+E11 -> 28 | N23: =F3+F11 -> 6 | O23: =PRODUCT(J23:N23) -> 0 | P23: =O23/$B$19 -> 0 | Q23: =P23*$A$22 -> 0 | R23: =Q23*B32 -> 0 | S23: =R23/$B$22 -> 0 | W23: 5xL4 | X23: =$B$3+$B$11 -> 2 | Y23: =$C$3+$C$11 -> 7 | Z23: =$D$14 -> 2 | AA23: =$E$3+$E$11 -> 28 | AB23: =$F$3+$F$11 -> 6 | AC23: =PRODUCT(X23:AB23) -> 4704 | AD23: =AC23/$B$19 -> 7.2351635e-05 | AE23: =AD23*20 -> 0.0014470327 | AF23: =AE23*$B$32 -> 0.036175817 | AG23: =AF23/$B$22 -> 0.0036175817
A24: Symbol | B24: 5 OAK | C24: 4 OAK | D24: 3 OAK | I24: 4xL4 | J24: =J23 -> 2 | K24: =K23 -> 7 | L24: =L23 -> 0 | M24: =M23 -> 28 | N24: =F18-N23 -> 42 | O24: =PRODUCT(J24:N24) -> 0 | P24: =O24/$B$19 -> 0 | Q24: =P24*$A$22 -> 0 | R24: =Q24*C32 -> 0 | S24: =R24/$B$22 -> 0 | W24: 4xL4 | X24: =$B$3+$B$11 -> 2 | Y24: =$C$3+$C$11 -> 7 | Z24: =$D$14 -> 2 | AA24: =$E$3+$E$11 -> 28 | AB24: =$F$18-$F$3-$F$11 -> 42 | AC24: =PRODUCT(X24:AB24) -> 32928 | AD24: =AC24/$B$19 -> 0.00050646144 | AE24: =AD24*20 -> 0.010129229 | AF24: =AE24*$C$32 -> 0.050646144 | AG24: =AF24/$B$22 -> 0.0050646144
A25: H1 | B25: 75 | C25: 25 | D25: 2 | I25: 3xL4 | J25: =J23 -> 2 | K25: =K23 -> 7 | L25: =L23 -> 0 | M25: =E18-M23 -> 24 | N25: =F18 -> 48 | O25: =PRODUCT(J25:N25) -> 0 | P25: =O25/$B$19 -> 0 | Q25: =P25*$A$22 -> 0 | R25: =Q25*D32 -> 0 | S25: =R25/$B$22 -> 0 | W25: 3xL4 | X25: =$B$3+$B$11 -> 2 | Y25: =$C$3+$C$11 -> 7 | Z25: =$D$14 -> 2 | AA25: =$E$18-$E$3-$E$11 -> 24 | AB25: =$F$18 -> 48 | AC25: =PRODUCT(X25:AB25) -> 32256 | AD25: =AC25/$B$19 -> 0.0004961255 | AE25: =AD25*20 -> 0.0099225099 | AF25: =AE25*$D$32 -> 0.01984502 | AG25: =AF25/$B$22 -> 0.001984502
A26: H2 | B26: 50 | C26: 12 | D26: 2 | I26: 5xL5 | J26: =B3+B12 -> 2 | K26: =C3+C12 -> 7 | L26: =D3+D12 -> 0 | M26: =E3+E12 -> 32 | N26: =F3+F12 -> 6 | O26: =PRODUCT(J26:N26) -> 0 | P26: =O26/$B$19 -> 0 | Q26: =P26*$A$22 -> 0 | R26: =Q26*B33 -> 0 | S26: =R26/$B$22 -> 0 | W26: 5xL5 | X26: =$B$3+$B$12 -> 2 | Y26: =$C$3+$C$12 -> 7 | Z26: =$D$14 -> 2 | AA26: =$E$3+$E$12 -> 32 | AB26: =$F$3+$F$12 -> 6 | AC26: =PRODUCT(X26:AB26) -> 5376 | AD26: =AC26/$B$19 -> 8.2687583e-05 | AE26: =AD26*20 -> 0.0016537517 | AF26: =AE26*$B$33 -> 0.041343791 | AG26: =AF26/$B$22 -> 0.0041343791
A27: H3 | B27: 50 | C27: 12 | D27: 2 | I27: 4xL5 | J27: =J26 -> 2 | K27: =K26 -> 7 | L27: =L26 -> 0 | M27: =M26 -> 32 | N27: =F18-N26 -> 42 | O27: =PRODUCT(J27:N27) -> 0 | P27: =O27/$B$19 -> 0 | Q27: =P27*$A$22 -> 0 | R27: =Q27*C33 -> 0 | S27: =R27/$B$22 -> 0 | W27: 4xL5 | X27: =$B$3+$B$12 -> 2 | Y27: =$C$3+$C$12 -> 7 | Z27: =$D$14 -> 2 | AA27: =$E$3+$E$12 -> 32 | AB27: =$F$18-$F$3-$F$12 -> 42 | AC27: =PRODUCT(X27:AB27) -> 37632 | AD27: =AC27/$B$19 -> 0.00057881308 | AE27: =AD27*20 -> 0.011576262 | AF27: =AE27*$C$33 -> 0.057881308 | AG27: =AF27/$B$22 -> 0.0057881308
A28: H4 | B28: 50 | C28: 12 | D28: 2 | I28: 3xL5 | J28: =J26 -> 2 | K28: =K26 -> 7 | L28: =L26 -> 0 | M28: =E18-M26 -> 20 | N28: =F18 -> 48 | O28: =PRODUCT(J28:N28) -> 0 | P28: =O28/$B$19 -> 0 | Q28: =P28*$A$22 -> 0 | R28: =Q28*D33 -> 0 | S28: =R28/$B$22 -> 0 | W28: 3xL5 | X28: =$B$3+$B$12 -> 2 | Y28: =$C$3+$C$12 -> 7 | Z28: =$D$14 -> 2 | AA28: =$E$18-E3-$E$12 -> 20 | AB28: =$F$18 -> 48 | AC28: =PRODUCT(X28:AB28) -> 26880 | AD28: =AC28/$B$19 -> 0.00041343791 | AE28: =AD28*20 -> 0.0082687583 | AF28: =AE28*$D$33 -> 0.016537517 | AG28: =AF28/$B$22 -> 0.0016537517
A29: L1 | B29: 40 | C29: 7 | D29: 2 | P29: =SUM(P2:P28) -> 0.011056511 | Q29: =SUM(Q2:Q28) -> 0.22113022 | R29: =SUM(R2:R28) -> 1.6923786 | S29: =SUM(S2:S28) -> 0.16923786 | AD29: =SUM(AD2:AD28) -> 0.010135135 | AE29: =SUM(AE2:AE28) -> 0.2027027 | AF29: =SUM(AF2:AF28) -> 1.3874829 | AG29: =SUM(AG2:AG28) -> 0.13874829
A30: L2 | B30: 25 | C30: 5 | D30: 2
A31: L3 | B31: 25 | C31: 5 | D31: 2
A32: L4 | B32: 25 | C32: 5 | D32: 2 | I32: Prize SC | J32: R1 | K32: R2 | L32: R3 | M32: R4 | N32: R5 | O32: HITS | P32: Hit Rate | Q32: Total Hit Rate | R32: RTP(%) | S32: RTP(%) 1c | W32: Prize SC with RS | X32: R1 | Y32: R2 | Z32: R3 | AA32: R4 | AB32: R5 | AC32: HITS | AD32: Hit Rate | AE32: Total Hit Rate | AF32: RTP(%) | AG32: RTP(%) 1c
A33: L5 | B33: 25 | C33: 5 | D33: 2 | I33: 3xSC | J33: =$B$18 -> 32 | K33: =$C$13*3 -> 12 | L33: =$D$13*3 -> 0 | M33: =$E$13*3 -> 12 | N33: =$F$18 -> 48 | O33: =PRODUCT(J33:N33) -> 0 | P33: =O33/$B$19 -> 0 | Q33: =P33 -> 0 | R33: =Q33*D34 -> 0 | S33: =R33 -> 0 | W33: SC,RS,SC | X33: =$B$18 -> 32 | Y33: =$C$13*3 -> 12 | Z33: =$D$14*3 -> 6 | AA33: =$E$13*3 -> 12 | AB33: =$F$18 -> 48 | AC33: =PRODUCT(X33:AB33) -> 1327104 | AD33: =AC33/$B$19 -> 0.02041202 | AE33: =AD33 -> 0.02041202 | AF33: =AE33*$D$34 -> 0.02041202 | AG33: =AF33 -> 0.02041202
A34: SC | B34: 50 | C34: 5 | D34: 1
I36: Normal Win Total RTP | S36: =S29+S33 -> 0.16923786 | W36: RS Win Total RTP | AG36: =AG29+AG33 -> 0.15916031
A37: Jackpot
A38: Name | B38: Prize | I38: Paytable Win RS | K38: Prob | L38: RTP | S38: =S36+L39 -> 0.27329907
A39: MEGA | B39: 1250 | I39: Line Win with RS | K39: 0.75 | L39: =$K$39*$AG$29 -> 0.10406122 | S39: =S36+L40 -> 0.18454687
A40: MAJOR | B40: 125 | I40: Scatter Win with RS | K40: 0.75 | L40: =$K$40*$AG$33 -> 0.015309015 | S40: =S36+L40 -> 0.18454687
A41: MINOR | B41: 25 | L41: =SUM(L39:L40) -> 0.11937023
A42: MAXI | B42: 10 | I42: Composite RTP | S42: =S36+L41 -> 0.28860809
A43: MINI | B43: 5
I45: RS Instant Win | K45: Prob | L45: Prob 2 | M45: Rtp
A46: Averge Total Coin Prizes | K46: =$D$14*3/$D$18 -> 0.27272727 | L46: 0.65 | M46: =K46*L46*$A$47 -> 0.35454545 | S46: =S42+M46 -> 0.64315354
A47: 2
A49: Number Coins | C49: 2 | D49: 3 | E49: 4 | F49: 5
A50: Weights | C50: 1 | D50: 1 | E50: 1 | F50: 3 | H50: =SUM(C50:F50) -> 6
A51: Probs | C51: =C50/$H$50 -> 0.16666667 | D51: =D50/$H$50 -> 0.16666667 | E51: =E50/$H$50 -> 0.16666667 | F51: =F50/$H$50 -> 0.5
A52: Average Coins | C52: =SUMPRODUCT(C49:G49,C51:G51) -> 4
A53: Average Coins | B53: oin Prize | C53: =$A$47/$C$52 -> 0.5
A55: Prize | B55: Weight | C55: Prob
A56: 0.2 | B56: 75000 | C56: =B56/$B$63 -> 0.75
A57: 0.5 | B57: 3000 | C57: =B57/$B$63 -> 0.03
A58: 0.8 | B58: 3000 | C58: =B58/$B$63 -> 0.03
A59: 1 | B59: 3000 | C59: =B59/$B$63 -> 0.03
A60: 1.2 | B60: 3000 | C60: =B60/$B$63 -> 0.03
A61: 1.5 | B61: 3000 | C61: =B61/$B$63 -> 0.03
A62: 2 | B62: 10000 | C62: =B62/$B$63 -> 0.1
B63: =SUM(B56:B62) -> 100000 | C63: =SUM(C56:C62) -> 1
A65: =SUMPRODUCT(A56:A62,C56:C62) -> 0.5

Sheet Step-7
A1: Symbol Set Population | B1: Symbol Set Population | C1: Symbol Set Population | D1: Symbol Set Population | E1: Symbol Set Population | F1: Symbol Set Population | H1: Prize | I1: R1 | J1: R2 | K1: R3 | L1: R4 | M1: R5 | N1: HITS | O1: Hit Rate | P1: Total Hit Rate | Q1: RTP(%) | R1: RTP(%) 1c | T1: Prize With RS | U1: R1 | V1: R2 | W1: R3 | X1: R4 | Y1: R5 | Z1: HITS | AA1: Hit Rate | AB1: Total Hit Rate | AC1: RTP(%) | AD1: RTP(%) 1c | AI1: Prize With RS | AJ1: R1 | AK1: R2 | AL1: R3 | AM1: R4 | AN1: R5 | AO1: HITS | AP1: Hit Rate | AQ1: Total Hit Rate | AR1: RTP(%) | AS1: RTP(%) 1c | AX1: Prize With RS | AY1: R1 | AZ1: R2 | BA1: R3 | BB1: R4 | BC1: R5 | BD1: HITS | BE1: Hit Rate | BF1: Total Hit Rate | BG1: RTP(%) | BH1: RTP(%) 1c
A2: Symbol | B2: BaseRS11R0 | C2: BaseRS11R1 | D2: BaseRS11R2 | E2: BaseRS11R3 | F2: BaseRS11R4 | H2: 5xH1 | I2: =B3+B4 -> 2 | J2: =$C$3+$C$4 -> 1 | K2: =D3+D4 -> 6 | L2: =E3+E4 -> 32 | M2: =F3+F4 -> 3 | N2: =PRODUCT(I2:M2) -> 1152 | O2: =N2/$B$19 -> 1.4822134e-05 | P2: =O2*$A$22 -> 1.4822134e-05 | Q2: =P2*B25 -> 0.0011116601 | R2: =Q2/$B$22 -> 0.00011116601 | T2: H1,RS,H1,H1,H1 | U2: =$B$3+$B$4 -> 2 | V2: =$C$14 -> 3 | W2: =$D$3+$D$4 -> 6 | X2: =$E$3+$E$4 -> 32 | Y2: =$F$3+$F$4 -> 3 | Z2: =PRODUCT(U2:Y2) -> 3456 | AA2: =Z2/$B$19 -> 4.4466403e-05 | AB2: =AA2*20 -> 0.00088932806 | AC2: =AB2*B25 -> 0.066699605 | AD2: =AC2/$B$22 -> 0.0066699605 | AE2: 0.006669225 | AF2: =AD2-AE2 -> 7.3547431e-07 | AG2: =AF2/AD2 -> 0.00011026667 | AI2: H4,RS,H4,H4,H4 | AJ2: =$B$3+$B$7 -> 2 | AK2: =$C$14 -> 3 | AL2: =$D$3+$D$7 -> 2 | AM2: =$E$3+$E$7 -> 28 | AN2: =$F$3+$F$7 -> 6 | AO2: =PRODUCT(AJ2:AN2) -> 2016 | AP2: =AO2/$B$19 -> 2.5938735e-05 | AQ2: =AP2*20 -> 0.0005187747 | AR2: =AQ2*$B$28 -> 0.025938735 | AS2: =AR2/$B$22 -> 0.0025938735 | AT2: 0.00259365 | AU2: =AS2-AT2 -> 2.2351779e-07 | AV2: =AU2/AS2 -> 8.6171429e-05 | AX2: L3,RS,L3,L3,L3 | AY2: =$B$3+$B$10 -> 7 | AZ2: =$C$14 -> 3 | BA2: =$D$3+$D$10 -> 2 | BB2: =$E$3+$E$10 -> 30 | BC2: =$F$3+$F$10 -> 6 | BD2: =PRODUCT(AY2:BC2) -> 7560 | BE2: =BD2/$B$19 -> 9.7270257e-05 | BF2: =BE2*20 -> 0.0019454051 | BG2: =BF2*$B$31 -> 0.048635128 | BH2: =BG2/$B$22 -> 0.0048635128 | BI2: 0.00486165 | BJ2: =BH2-BI2 -> 1.8628458e-06 | BK2: =BJ2/BH2 -> 0.00038302476
A3: WD | B3: 0 | C3: 1 | D3: 0 | E3: 28 | F3: 0 | H3: 4xH1 | I3: =I2 -> 2 | J3: =$C$3+$C$4 -> 1 | K3: =K2 -> 6 | L3: =L2 -> 32 | M3: =F18-M2 -> 45 | N3: =PRODUCT(I3:M3) -> 17280 | O3: =N3/$B$19 -> 0.00022233202 | P3: =O3*$A$22 -> 0.00022233202 | Q3: =P3*C25 -> 0.0055583004 | R3: =Q3/$B$22 -> 0.00055583004 | T3: H1,H1,RS,H1,H1 | U3: =$B$3+$B$4 -> 2 | V3: =$C$3+$C$4 -> 1 | W3: =$D$14 -> 3 | X3: =$E$3+$E$4 -> 32 | Y3: =$F$3+$F$4 -> 3 | Z3: =PRODUCT(U3:Y3) -> 576 | AA3: =Z3/$B$19 -> 7.4110672e-06 | AB3: =AA3*20 -> 0.00014822134 | AC3: =AB3*$B$25 -> 0.011116601 | AD3: =AC3/$B$22 -> 0.0011116601 | AE3: 0.001106325 | AF3: =AD3-AE3 -> 5.3350791e-06 | AG3: =AF3/AD3 -> 0.0047992 | AI3: H4,H4,RS,H4,H4 | AJ3: =$B$3+$B$7 -> 2 | AK3: =$C$3+$C$7 -> 9 | AL3: =$D$14 -> 3 | AM3: =$E$3+$E$7 -> 28 | AN3: =$F$3+$F$7 -> 6 | AO3: =PRODUCT(AJ3:AN3) -> 9072 | AP3: =AO3/$B$19 -> 0.00011672431 | AQ3: =AP3*20 -> 0.0023344862 | AR3: =AQ3*$B$28 -> 0.11672431 | AS3: =AR3/$B$22 -> 0.011672431 | AT3: 0.0116515 | AU3: =AS3-AT3 -> 2.093083e-05 | AV3: =AU3/AS3 -> 0.0017931852 | AX3: L3,L3,RS,L3,L3 | AY3: =$B$3+$B$10 -> 7 | AZ3: =$C$3+$C$10 -> 3 | BA3: =$D$14 -> 3 | BB3: =$E$3+$E$10 -> 30 | BC3: =$F$3+$F$10 -> 6 | BD3: =PRODUCT(AY3:BC3) -> 11340 | BE3: =BD3/$B$19 -> 0.00014590539 | BF3: =BE3*20 -> 0.0029181077 | BG3: =BF3*$B$31 -> 0.072952693 | BH3: =BG3/$B$22 -> 0.0072952693 | BI3: 0.007295225 | BJ3: =BH3-BI3 -> 4.4268775e-08 | BK3: =BJ3/BH3 -> 6.0681481e-06
A4: H1 | B4: 2 | C4: 0 | D4: 6 | E4: 4 | F4: 3 | H4: 3xH1 | I4: =I2 -> 2 | J4: =J2 -> 1 | K4: =K2 -> 6 | L4: =E18-L2 -> 23 | M4: 48 | N4: =PRODUCT(I4:M4) -> 13248 | O4: =N4/$B$19 -> 0.00017045455 | P4: =O4*$A$22 -> 0.00017045455 | Q4: =P4*D25 -> 0.00034090909 | R4: =Q4/$B$22 -> 3.4090909e-05 | T4: H1,H1,H1,RS,H1 | U4: =$B$3+$B$4 -> 2 | V4: =$C$3+$C$4 -> 1 | W4: =$D$3+$D$4 -> 6 | X4: =$E$14 -> 3 | Y4: =$F$3+F4 -> 3 | Z4: =PRODUCT(U4:Y4) -> 108 | AA4: =Z4/$B$19 -> 1.3895751e-06 | AB4: =AA4*20 -> 2.7791502e-05 | AC4: =AB4*$B$25 -> 0.0020843626 | AD4: =AC4/$B$22 -> 0.00020843626 | AE4: 0.00021405 | AF4: =AD4-AE4 -> -5.6137352e-06 | AG4: =AF4/AD4 -> -0.026932622 | AI4: H4,H4,H4,RS,H4 | AJ4: =$B$3+$B$7 -> 2 | AK4: =$C$3+$C$7 -> 9 | AL4: =$D$3+$D$7 -> 2 | AM4: =$E$14 -> 3 | AN4: =$F$3+$F$7 -> 6 | AO4: =PRODUCT(AJ4:AN4) -> 648 | AP4: =AO4/$B$19 -> 8.3374506e-06 | AQ4: =AP4*20 -> 0.00016674901 | AR4: =AQ4*$B$28 -> 0.0083374506 | AS4: =AR4/$B$22 -> 0.00083374506 | AT4: 0.00083365 | AU4: =AS4-AT4 -> 9.5059289e-08 | AV4: =AU4/AS4 -> 0.00011401481 | AX4: L3,L3,L3,RS,L3 | AY4: =$B$3+$B$10 -> 7 | AZ4: =$C$3+$C$10 -> 3 | BA4: =$D$3+$D$10 -> 2 | BB4: =$E$14 -> 3 | BC4: =$F$3+$F$10 -> 6 | BD4: =PRODUCT(AY4:BC4) -> 756 | BE4: =BD4/$B$19 -> 9.7270257e-06 | BF4: =BE4*20 -> 0.00019454051 | BG4: =BF4*$B$31 -> 0.0048635128 | BH4: =BG4/$B$22 -> 0.00048635128 | BI4: 0.0004851 | BJ4: =BH4-BI4 -> 1.2512846e-06 | BK4: =BJ4/BH4 -> 0.0025728
A5: H2 | B5: 3 | C5: 0 | D5: 4 | E5: 4 | F5: 4 | H5: 5xH2 | I5: =B3+B5 -> 3 | J5: =C3+C5 -> 1 | K5: =D3+D5 -> 4 | L5: =E3+E5 -> 32 | M5: =F3+F5 -> 4 | N5: =PRODUCT(I5:M5) -> 1536 | O5: =N5/$B$19 -> 1.9762846e-05 | P5: =O5*$A$22 -> 1.9762846e-05 | Q5: =P5*B26 -> 0.00098814229 | R5: =Q5/$B$22 -> 9.8814229e-05 | T5: H1,RS,RS,H1,H1 | U5: =$B$3+$B$4 -> 2 | V5: =$C$14 -> 3 | W5: =$D$14 -> 3 | X5: =$E$3+$E$4 -> 32 | Y5: =$F$3+$F$4 -> 3 | Z5: =PRODUCT(U5:Y5) -> 1728 | AA5: =Z5/$B$19 -> 2.2233202e-05 | AB5: =AA5*$A$22 -> 2.2233202e-05 | AC5: =AB5*$B$25 -> 0.0016674901 | AD5: =AC5/$B$22 -> 0.00016674901 | AE5: 0.003331725 | AF5: =AD5-AE5 -> -0.003164976 | AG5: =AF5/AD5 -> -18.980478 | AI5: H4,RS,RS,H4,H4 | AJ5: =$B$3+$B$7 -> 2 | AK5: =$C$14 -> 3 | AL5: =$D$14 -> 3 | AM5: =$E$3+$E$7 -> 28 | AN5: =$F$3+$F$7 -> 6 | AO5: =PRODUCT(AJ5:AN5) -> 3024 | AP5: =AO5/$B$19 -> 3.8908103e-05 | AQ5: =AP5*$A$22 -> 3.8908103e-05 | AR5: =AQ5*$B$28 -> 0.0019454051 | AS5: =AR5/$B$22 -> 0.00019454051 | AT5: 0.003883 | AU5: =AS5-AT5 -> -0.0036884595 | AV5: =AU5/AS5 -> -18.959853 | AX5: L3,RS,RS,L3,L3 | AY5: =$B$3+$B$10 -> 7 | AZ5: =$C$14 -> 3 | BA5: =$D$14 -> 3 | BB5: =$E$3+$E$10 -> 30 | BC5: =$F$3+$F$10 -> 6 | BD5: =PRODUCT(AY5:BC5) -> 11340 | BE5: =BD5/$B$19 -> 0.00014590539 | BF5: =BE5*$A$22 -> 0.00014590539 | BG5: =BF5*$B$31 -> 0.0036476346 | BH5: =BG5/$B$22 -> 0.00036476346 | BI5: 0.007288725 | BJ5: =BH5-BI5 -> -0.0069239615 | BK5: =BJ5/BH5 -> -18.982059
A6: H3 | B6: 3 | C6: 0 | D6: 0 | E6: 0 | F6: 6 | H6: 4xH2 | I6: =I5 -> 3 | J6: =J5 -> 1 | K6: =K5 -> 4 | L6: =L5 -> 32 | M6: =F18-M5 -> 44 | N6: =PRODUCT(I6:M6) -> 16896 | O6: =N6/$B$19 -> 0.0002173913 | P6: =O6*$A$22 -> 0.0002173913 | Q6: =P6*C26 -> 0.0026086957 | R6: =Q6/$B$22 -> 0.00026086957 | T6: H1,RS,H1,RS,H1 | U6: =$B$3+$B$4 -> 2 | V6: =$C$14 -> 3 | W6: =$D$3+$D$4 -> 6 | X6: =$E$14 -> 3 | Y6: =$F$3+$F$4 -> 3 | Z6: =PRODUCT(U6:Y6) -> 324 | AA6: =Z6/$B$19 -> 4.1687253e-06 | AB6: =AA6*$A$22 -> 4.1687253e-06 | AC6: =AB6*$B$25 -> 0.0003126544 | AD6: =AC6/$B$22 -> 3.126544e-05 | AE6: 0.0006204 | AF6: =AD6-AE6 -> -0.00058913456 | AG6: =AF6/AD6 -> -18.842996 | AI6: H4,RS,H4,RS,H4 | AJ6: =$B$3+$B$7 -> 2 | AK6: =$C$14 -> 3 | AL6: =$D$3+$D$7 -> 2 | AM6: =$E$14 -> 3 | AN6: =$F$3+$F$7 -> 6 | AO6: =PRODUCT(AJ6:AN6) -> 216 | AP6: =AO6/$B$19 -> 2.7791502e-06 | AQ6: =AP6*$A$22 -> 2.7791502e-06 | AR6: =AQ6*$B$28 -> 0.00013895751 | AS6: =AR6/$B$22 -> 1.3895751e-05 | AT6: 0.00027545 | AU6: =AS6-AT6 -> -0.00026155425 | AV6: =AU6/AS6 -> -18.822606 | AX6: L3,RS,L3,RS,L3 | AY6: =$B$3+$B$10 -> 7 | AZ6: =$C$14 -> 3 | BA6: =$D$3+$D$10 -> 2 | BB6: =$E$14 -> 3 | BC6: =$F$3+$F$10 -> 6 | BD6: =PRODUCT(AY6:BC6) -> 756 | BE6: =BD6/$B$19 -> 9.7270257e-06 | BF6: =BE6*$A$22 -> 9.7270257e-06 | BG6: =BF6*$B$31 -> 0.00024317564 | BH6: =BG6/$B$22 -> 2.4317564e-05 | BI6: 0.00048385 | BJ6: =BH6-BI6 -> -0.00045953244 | BK6: =BJ6/BH6 -> -18.897141
A7: H4 | B7: 2 | C7: 8 | D7: 2 | E7: 0 | F7: 6 | H7: 3xH2 | I7: =I5 -> 3 | J7: =J5 -> 1 | K7: =K5 -> 4 | L7: =$E$18-$E$3-$E$5 -> 23 | M7: =F18 -> 48 | N7: =PRODUCT(I7:M7) -> 13248 | O7: =N7/$B$19 -> 0.00017045455 | P7: =O7*$A$22 -> 0.00017045455 | Q7: =P7*D26 -> 0.00034090909 | R7: =Q7/$B$22 -> 3.4090909e-05 | T7: H1,H1,RS,RS,H1 | U7: =$B$3+$B$4 -> 2 | V7: =$C$3+$C$4 -> 1 | W7: =$D$14 -> 3 | X7: =$E$14 -> 3 | Y7: =$F$3+$F$4 -> 3 | Z7: =PRODUCT(U7:Y7) -> 54 | AA7: =Z7/$B$19 -> 6.9478755e-07 | AB7: =AA7*$A$22 -> 6.9478755e-07 | AC7: =AB7*$B$25 -> 5.2109066e-05 | AD7: =AC7/$B$22 -> 5.2109066e-06 | AE7: 0.000107025 | AF7: 0 | AG7: =AF7/AD7 -> 0 | AI7: H4,H4,RS,RS,H4 | AJ7: =$B$3+$B$7 -> 2 | AK7: =$C$3+$C$7 -> 9 | AL7: =$D$14 -> 3 | AM7: =$E$14 -> 3 | AN7: =$F$3+$F$7 -> 6 | AO7: =PRODUCT(AJ7:AN7) -> 972 | AP7: =AO7/$B$19 -> 1.2506176e-05 | AQ7: =AP7*$A$22 -> 1.2506176e-05 | AR7: =AQ7*$B$28 -> 0.00062530879 | AS7: =AR7/$B$22 -> 6.2530879e-05 | AT7: 0.00124485 | AU7: 0 | AV7: =AU7/AS7 -> 0 | AX7: L3,L3,RS,RS,L3 | AY7: =$B$3+$B$10 -> 7 | AZ7: =$C$3+$C$10 -> 3 | BA7: =$D$14 -> 3 | BB7: =$E$14 -> 3 | BC7: =$F$3+$F$10 -> 6 | BD7: =PRODUCT(AY7:BC7) -> 1134 | BE7: =BD7/$B$19 -> 1.4590539e-05 | BF7: =BE7*$A$22 -> 1.4590539e-05 | BG7: =BF7*$B$31 -> 0.00036476346 | BH7: =BG7/$B$22 -> 3.6476346e-05 | BI7: 0.000724375 | BJ7: 0 | BK7: =BJ7/BH7 -> 0
A8: L1 | B8: 4 | C8: 8 | D8: 4 | E8: 6 | F8: 5 | H8: 5xH3 | I8: =B3+B6 -> 3 | J8: =C3+C6 -> 1 | K8: =D3+D6 -> 0 | L8: =E3+E6 -> 28 | M8: =F3+F6 -> 6 | N8: =PRODUCT(I8:M8) -> 0 | O8: =N8/$B$19 -> 0 | P8: =O8*$A$22 -> 0 | Q8: =P8*B27 -> 0 | R8: =Q8/$B$22 -> 0 | T8: H1,RS,RS,RS,H1 | U8: =$B$3+$B$4 -> 2 | V8: =$C$14 -> 3 | W8: =$D$14 -> 3 | X8: =$E$14 -> 3 | Y8: =$F$3+$F$4 -> 3 | Z8: =PRODUCT(U8:Y8) -> 162 | AA8: =Z8/$B$19 -> 2.0843626e-06 | AB8: =AA8*$A$22 -> 2.0843626e-06 | AC8: =AB8*$B$25 -> 0.0001563272 | AD8: =AC8/$B$22 -> 1.563272e-05 | AE8: 0.000324225 | AF8: =AD8-AE8 -> -0.00030859228 | AG8: =AF8/AD8 -> -19.740153 | AI8: H4,RS,RS,RS,H4 | AJ8: =$B$3+$B$7 -> 2 | AK8: =$C$14 -> 3 | AL8: =$D$14 -> 3 | AM8: =$E$14 -> 3 | AN8: =$F$3+$F$7 -> 6 | AO8: =PRODUCT(AJ8:AN8) -> 324 | AP8: =AO8/$B$19 -> 4.1687253e-06 | AQ8: =AP8*$A$22 -> 4.1687253e-06 | AR8: =AQ8*$B$28 -> 0.00020843626 | AS8: =AR8/$B$22 -> 2.0843626e-05 | AT8: 0.0004208 | AU8: =AS8-AT8 -> -0.00039995637 | AV8: =AU8/AS8 -> -19.188425 | AX8: L3,RS,RS,RS,L3 | AY8: =$B$3+$B$10 -> 7 | AZ8: =$C$14 -> 3 | BA8: =$D$14 -> 3 | BB8: =$E$14 -> 3 | BC8: =$F$3+$F$10 -> 6 | BD8: =PRODUCT(AY8:BC8) -> 1134 | BE8: =BD8/$B$19 -> 1.4590539e-05 | BF8: =BE8*$A$22 -> 1.4590539e-05 | BG8: =BF8*$B$31 -> 0.00036476346 | BH8: =BG8/$B$22 -> 3.6476346e-05 | BI8: 0.00072315 | BJ8: =BH8-BI8 -> -0.00068667365 | BK8: =BJ8/BH8 -> -18.825176
A9: L2 | B9: 7 | C9: 2 | D9: 2 | E9: 0 | F9: 6 | H9: 4xH3 | I9: =I8 -> 3 | J9: =J8 -> 1 | K9: =K8 -> 0 | L9: =L8 -> 28 | M9: =F18-M8 -> 42 | N9: =PRODUCT(I9:M9) -> 0 | O9: =N9/$B$19 -> 0 | P9: =O9*$A$22 -> 0 | Q9: =P9*C27 -> 0 | R9: =Q9/$B$22 -> 0 | AD9: =SUM(AD2:AD8) -> 0.0082089149 | AE9: =SUM(AE2:AE8) -> 0.012372975 | AF9: =SUM(AF2:AF8) -> -0.004062246 | AG9: =SUM(AG2:AG8) -> -57.58565 | AS9: =SUM(AS2:AS8) -> 0.01539186 | AT9: =SUM(AT2:AT8) -> 0.0209029 | AU9: =SUM(AU2:AU8) -> -0.0043287207 | AV9: =SUM(AV2:AV8) -> -56.968891 | BH9: =SUM(BH2:BH8) -> 0.013107167 | BI9: =SUM(BI2:BI8) -> 0.021862075 | BJ9: =SUM(BJ2:BJ8) -> -0.0080670092 | BK9: =SUM(BK2:BK8) -> -56.701414
A10: L3 | B10: 7 | C10: 2 | D10: 2 | E10: 2 | F10: 6 | H10: 3xH3 | I10: =I9 -> 3 | J10: =J9 -> 1 | K10: =K9 -> 0 | L10: =E18-L9 -> 27 | M10: =F18 -> 48 | N10: =PRODUCT(I10:M10) -> 0 | O10: =N10/$B$19 -> 0 | P10: =O10*$A$22 -> 0 | Q10: =P10*D27 -> 0 | R10: =Q10/$B$22 -> 0 | T10: H1,RS,H1,H1,!H1 | U10: =$B$3+$B$4 -> 2 | V10: =$C$14 -> 3 | W10: =$D$3+$D$4 -> 6 | X10: =$E$3+$E$4 -> 32 | Y10: =$F$18-$F$3-$F$4-$F$14 -> 45 | Z10: =PRODUCT(U10:Y10) -> 51840 | AA10: =Z10/$B$19 -> 0.00066699605 | AB10: =AA10*$A$22 -> 0.00066699605 | AC10: =AB10*$C$25 -> 0.016674901 | AD10: =AC10/$B$22 -> 0.0016674901 | AE10: 0.033325325 | AF10: =AD10-AE10 -> -0.031657835 | AG10: =AF10/AD10 -> -18.985321 | AI10: H4,RS,H4,H4,!H4 | AJ10: =$B$3+$B$7 -> 2 | AK10: =$C$14 -> 3 | AL10: =$D$3+$D$7 -> 2 | AM10: =$E$3+$E$7 -> 28 | AN10: =$F$18-$F$3-$F$7-$F$14 -> 42 | AO10: =PRODUCT(AJ10:AN10) -> 14112 | AP10: =AO10/$B$19 -> 0.00018157115 | AQ10: =AP10*$A$22 -> 0.00018157115 | AR10: =AQ10*$C$28 -> 0.0021788538 | AS10: =AR10/$B$22 -> 0.00021788538 | AT10: 0.004363272 | AU10: =AS10-AT10 -> -0.0041453866 | AV10: =AU10/AS10 -> -19.025539 | AX10: L3,RS,L3,L3,!L3 | AY10: =$B$3+$B$10 -> 7 | AZ10: =$C$14 -> 3 | BA10: =$D$3+$D$10 -> 2 | BB10: =$E$3+$E$10 -> 30 | BC10: =$F$18-$F$3-$F$10-$F$14 -> 42 | BD10: =PRODUCT(AY10:BC10) -> 52920 | BE10: =BD10/$B$19 -> 0.0006808918 | BF10: =BE10*$A$22 -> 0.0006808918 | BG10: =BF10*$C$31 -> 0.003404459 | BH10: =BG10/$B$22 -> 0.0003404459 | BI10: 0.00681204 | BJ10: =BH10-BI10 -> -0.0064715941 | BK10: =BJ10/BH10 -> -19.00917
A11: L4 | B11: 2 | C11: 6 | D11: 0 | E11: 0 | F11: 6 | H11: 5xH4 | I11: =B3+B7 -> 2 | J11: =C3+C7 -> 9 | K11: =D3+D7 -> 2 | L11: =E3+E7 -> 28 | M11: =F3+F7 -> 6 | N11: =PRODUCT(I11:M11) -> 6048 | O11: =N11/$B$19 -> 7.7816206e-05 | P11: =O11*$A$22 -> 7.7816206e-05 | Q11: =P11*B28 -> 0.0038908103 | R11: =Q11/$B$22 -> 0.00038908103 | T11: H1,H1,RS,H1,!H1 | U11: =$B$3+$B$4 -> 2 | V11: =$C$3+$C$4 -> 1 | W11: =$D$14 -> 3 | X11: =$E$3+$E$4 -> 32 | Y11: =$F$18-$F$3-$F$4-$F$14 -> 45 | Z11: =PRODUCT(U11:Y11) -> 8640 | AA11: =Z11/$B$19 -> 0.00011116601 | AB11: =AA11*$A$22 -> 0.00011116601 | AC11: =AB11*$C$25 -> 0.0027791502 | AD11: =AC11/$B$22 -> 0.00027791502 | AE11: 0.005545075 | AF11: =AD11-AE11 -> -0.00526716 | AG11: =AF11/AD11 -> -18.952412 | AI11: H4,H4,RS,H4,!H4 | AJ11: =$B$3+$B$7 -> 2 | AK11: =$C$3+$C$7 -> 9 | AL11: =$D$14 -> 3 | AM11: =$E$3+$E$7 -> 28 | AN11: =$F$18-$F$3-$F$7-$F$14 -> 42 | AO11: =PRODUCT(AJ11:AN11) -> 63504 | AP11: =AO11/$B$19 -> 0.00081707016 | AQ11: =AP11*$A$22 -> 0.00081707016 | AR11: =AQ11*$C$28 -> 0.0098048419 | AS11: =AR11/$B$22 -> 0.00098048419 | AT11: 0.019592724 | AU11: =AS11-AT11 -> -0.01861224 | AV11: =AU11/AS11 -> -18.982703 | AX11: L3,L3,RS,L3,!L3 | AY11: =$B$3+$B$10 -> 7 | AZ11: =$C$3+$C$10 -> 3 | BA11: =$D$14 -> 3 | BB11: =$E$3+$E$10 -> 30 | BC11: =$F$18-$F$3-$F$10-$F$14 -> 42 | BD11: =PRODUCT(AY11:BC11) -> 79380 | BE11: =BD11/$B$19 -> 0.0010213377 | BF11: =BE11*$A$22 -> 0.0010213377 | BG11: =BF11*$C$31 -> 0.0051066885 | BH11: =BG11/$B$22 -> 0.00051066885 | BI11: 0.01021719 | BJ11: =BH11-BI11 -> -0.0097065212 | BK11: =BJ11/BH11 -> -19.007467
A12: L5 | B12: 2 | C12: 6 | D12: 0 | E12: 4 | F12: 6 | H12: 4xH4 | I12: =I11 -> 2 | J12: =J11 -> 9 | K12: =K11 -> 2 | L12: =L11 -> 28 | M12: =F18-M11 -> 42 | N12: =PRODUCT(I12:M12) -> 42336 | O12: =N12/$B$19 -> 0.00054471344 | P12: =O12*$A$22 -> 0.00054471344 | Q12: =P12*C28 -> 0.0065365613 | R12: =Q12/$B$22 -> 0.00065365613 | T12: H1,H1,H1,RS,!H1 | U12: =$B$3+$B$4 -> 2 | V12: =$C$3+$C$4 -> 1 | W12: =$D$3+$D$4 -> 6 | X12: =$E$14 -> 3 | Y12: =$F$18-$F$3-$F$4-$F$14 -> 45 | Z12: =PRODUCT(U12:Y12) -> 1620 | AA12: =Z12/$B$19 -> 2.0843626e-05 | AB12: =AA12*$A$22 -> 2.0843626e-05 | AC12: =AB12*$C$25 -> 0.00052109066 | AD12: =AC12/$B$22 -> 5.2109066e-05 | AE12: 0.0010583 | AF12: =AD12-AE12 -> -0.0010061909 | AG12: =AF12/AD12 -> -19.309326 | AI12: H4,H4,H4,RS,!H4 | AJ12: =$B$3+$B$7 -> 2 | AK12: =$C$3+$C$7 -> 9 | AL12: =$D$3+$D$7 -> 2 | AM12: =$E$14 -> 3 | AN12: =$F$18-$F$3-$F$7-$F$14 -> 42 | AO12: =PRODUCT(AJ12:AN12) -> 4536 | AP12: =AO12/$B$19 -> 5.8362154e-05 | AQ12: =AP12*$A$22 -> 5.8362154e-05 | AR12: =AQ12*$C$28 -> 0.00070034585 | AS12: =AR12/$B$22 -> 7.0034585e-05 | AT12: 0.001410912 | AU12: =AS12-AT12 -> -0.0013408774 | AV12: =AU12/AS12 -> -19.145932 | AX12: L3,L3,L3,RS,!L3 | AY12: =$B$3+$B$10 -> 7 | AZ12: =$C$3+$C$10 -> 3 | BA12: =$D$3+$D$10 -> 2 | BB12: =$E$14 -> 3 | BC12: =$F$18-$F$3-$F$10-$F$14 -> 42 | BD12: =PRODUCT(AY12:BC12) -> 5292 | BE12: =BD12/$B$19 -> 6.808918e-05 | BF12: =BE12*$A$22 -> 6.808918e-05 | BG12: =BF12*$C$31 -> 0.0003404459 | BH12: =BG12/$B$22 -> 3.404459e-05 | BI12: 0.00067786 | BJ12: =BH12-BI12 -> -0.00064381541 | BK12: =BJ12/BH12 -> -18.910946
A13: SC | B13: 0 | C13: 4 | D13: 0 | E13: 4 | F13: 0 | H13: 3xH4 | I13: =I12 -> 2 | J13: =J12 -> 9 | K13: =K12 -> 2 | L13: =E18-L11 -> 27 | M13: =F18 -> 48 | N13: =PRODUCT(I13:M13) -> 46656 | O13: =N13/$B$19 -> 0.00060029644 | P13: =O13*$A$22 -> 0.00060029644 | Q13: =P13*D28 -> 0.0012005929 | R13: =Q13/$B$22 -> 0.00012005929 | T13: H1,RS,RS,H1,!H1 | U13: =$B$3+$B$4 -> 2 | V13: =$C$14 -> 3 | W13: =$D$14 -> 3 | X13: =$E$3+$E$4 -> 32 | Y13: =$F$18-$F$3-$F$4-$F$14 -> 45 | Z13: =PRODUCT(U13:Y13) -> 25920 | AA13: =Z13/$B$19 -> 0.00033349802 | AB13: =AA13*$A$22 -> 0.00033349802 | AC13: =AB13*$C$25 -> 0.0083374506 | AD13: =AC13/$B$22 -> 0.00083374506 | AE13: 0.0166831 | AF13: =AD13-AE13 -> -0.015849355 | AG13: =AF13/AD13 -> -19.009834 | AI13: H4,RS,RS,H4,!H4 | AJ13: =$B$3+$B$7 -> 2 | AK13: =$C$14 -> 3 | AL13: =$D$14 -> 3 | AM13: =$E$3+$E$7 -> 28 | AN13: =$F$18-$F$3-$F$7-$F$14 -> 42 | AO13: =PRODUCT(AJ13:AN13) -> 21168 | AP13: =AO13/$B$19 -> 0.00027235672 | AQ13: =AP13*$A$22 -> 0.00027235672 | AR13: =AQ13*$C$28 -> 0.0032682806 | AS13: =AR13/$B$22 -> 0.00032682806 | AT13: 0.006549564 | AU13: =AS13-AT13 -> -0.0062227359 | AV13: =AU13/AS13 -> -19.039785 | AX13: L3,RS,RS,L3,!L3 | AY13: =$B$3+$B$10 -> 7 | AZ13: =$C$14 -> 3 | BA13: =$D$14 -> 3 | BB13: =$E$3+$E$10 -> 30 | BC13: =$F$18-$F$3-$F$10-$F$14 -> 42 | BD13: =PRODUCT(AY13:BC13) -> 79380 | BE13: =BD13/$B$19 -> 0.0010213377 | BF13: =BE13*$A$22 -> 0.0010213377 | BG13: =BF13*$C$31 -> 0.0051066885 | BH13: =BG13/$B$22 -> 0.00051066885 | BI13: 0.010211345 | BJ13: =BH13-BI13 -> -0.0097006762 | BK13: =BJ13/BH13 -> -18.996021
A14: RS | B14: 0 | C14: 3 | D14: 3 | E14: 3 | F14: 0 | H14: 5xL1 | I14: =B3+B8 -> 4 | J14: =C3+C8 -> 9 | K14: =D3+D8 -> 4 | L14: =E3+E8 -> 34 | M14: =F3+F8 -> 5 | N14: =PRODUCT(I14:M14) -> 24480 | O14: =N14/$B$19 -> 0.00031497036 | P14: =O14*$A$22 -> 0.00031497036 | Q14: =P14*B29 -> 0.012598814 | R14: =Q14/$B$22 -> 0.0012598814 | T14: H1,RS,H1,RS,!H1 | U14: =$B$3+$B$4 -> 2 | V14: =$C$14 -> 3 | W14: =$D$3+$D$4 -> 6 | X14: =$E$14 -> 3 | Y14: =$F$18-$F$3-$F$4-$F$14 -> 45 | Z14: =PRODUCT(U14:Y14) -> 4860 | AA14: =Z14/$B$19 -> 6.2530879e-05 | AB14: =AA14*$A$22 -> 6.2530879e-05 | AC14: =AB14*$C$25 -> 0.001563272 | AD14: =AC14/$B$22 -> 0.0001563272 | AE14: 0.003107275 | AF14: =AD14-AE14 -> -0.0029509478 | AG14: =AF14/AD14 -> -18.876739 | AI14: H4,RS,H4,RS,!H4 | AJ14: =$B$3+$B$7 -> 2 | AK14: =$C$14 -> 3 | AL14: =$D$3+$D$7 -> 2 | AM14: =$E$14 -> 3 | AN14: =$F$18-$F$3-$F$7-$F$14 -> 42 | AO14: =PRODUCT(AJ14:AN14) -> 1512 | AP14: =AO14/$B$19 -> 1.9454051e-05 | AQ14: =AP14*$A$22 -> 1.9454051e-05 | AR14: =AQ14*$C$28 -> 0.00023344862 | AS14: =AR14/$B$22 -> 2.3344862e-05 | AT14: 0.000466632 | AU14: =AS14-AT14 -> -0.00044328714 | AV14: =AU14/AS14 -> -18.988638 | AX14: L3,RS,L3,RS,!L3 | AY14: =$B$3+$B$10 -> 7 | AZ14: =$C$14 -> 3 | BA14: =$D$3+$D$10 -> 2 | BB14: =$E$14 -> 3 | BC14: =$F$18-$F$3-$F$10-$F$14 -> 42 | BD14: =PRODUCT(AY14:BC14) -> 5292 | BE14: =BD14/$B$19 -> 6.808918e-05 | BF14: =BE14*$A$22 -> 6.808918e-05 | BG14: =BF14*$C$31 -> 0.0003404459 | BH14: =BG14/$B$22 -> 3.404459e-05 | BI14: 0.00067999 | BJ14: =BH14-BI14 -> -0.00064594541 | BK14: =BJ14/BH14 -> -18.973511
A15: Collect | B15: 0 | C15: 0 | D15: 0 | E15: 0 | F15: 0 | H15: 4xL1 | I15: =I14 -> 4 | J15: =J14 -> 9 | K15: =K14 -> 4 | L15: =L14 -> 34 | M15: =F18-M14 -> 43 | N15: =PRODUCT(I15:M15) -> 210528 | O15: =N15/$B$19 -> 0.0027087451 | P15: =O15*$A$22 -> 0.0027087451 | Q15: =P15*C29 -> 0.018961215 | R15: =Q15/$B$22 -> 0.0018961215 | T15: H1,H1,RS,RS,!H1 | U15: =$B$3+$B$4 -> 2 | V15: =$C$3+$C$4 -> 1 | W15: =$D$14 -> 3 | X15: =$E$14 -> 3 | Y15: =$F$18-$F$3-$F$4-$F$14 -> 45 | Z15: =PRODUCT(U15:Y15) -> 810 | AA15: =Z15/$B$19 -> 1.0421813e-05 | AB15: =AA15*$A$22 -> 1.0421813e-05 | AC15: =AB15*$C$25 -> 0.00026054533 | AD15: =AC15/$B$22 -> 2.6054533e-05 | AE15: 0.000521925 | AF15: =AD15-AE15 -> -0.00049587047 | AG15: =AF15/AD15 -> -19.032023 | AI15: H4,H4,RS,RS,!H4 | AJ15: =$B$3+$B$7 -> 2 | AK15: =$C$3+$C$7 -> 9 | AL15: =$D$14 -> 3 | AM15: =$E$14 -> 3 | AN15: =$F$18-$F$3-$F$7-$F$14 -> 42 | AO15: =PRODUCT(AJ15:AN15) -> 6804 | AP15: =AO15/$B$19 -> 8.7543231e-05 | AQ15: =AP15*$A$22 -> 8.7543231e-05 | AR15: =AQ15*$C$28 -> 0.0010505188 | AS15: =AR15/$B$22 -> 0.00010505188 | AT15: 0.002105124 | AU15: =AS15-AT15 -> -0.0020000721 | AV15: =AU15/AS15 -> -19.038899 | AX15: L3,L3,RS,RS,!L3 | AY15: =$B$3+$B$10 -> 7 | AZ15: =$C$3+$C$10 -> 3 | BA15: =$D$14 -> 3 | BB15: =$E$14 -> 3 | BC15: =$F$18-$F$3-$F$10-$F$14 -> 42 | BD15: =PRODUCT(AY15:BC15) -> 7938 | BE15: =BD15/$B$19 -> 0.00010213377 | BF15: =BE15*$A$22 -> 0.00010213377 | BG15: =BF15*$C$31 -> 0.00051066885 | BH15: =BG15/$B$22 -> 5.1066885e-05 | BI15: 0.001018295 | BJ15: =BH15-BI15 -> -0.00096722812 | BK15: =BJ15/BH15 -> -18.940417
A16: Coin | B16: 0 | C16: 0 | D16: 0 | E16: 0 | F16: 0 | H16: 3xL1 | I16: =I14 -> 4 | J16: =J14 -> 9 | K16: =K14 -> 4 | L16: =E18-L14 -> 21 | M16: =F18 -> 48 | N16: =PRODUCT(I16:M16) -> 145152 | O16: =N16/$B$19 -> 0.0018675889 | P16: =O16*$A$22 -> 0.0018675889 | Q16: =P16*D29 -> 0.0037351779 | R16: =Q16/$B$22 -> 0.00037351779 | T16: H1,RS,RS,RS,!H1 | U16: =$B$3+$B$4 -> 2 | V16: =$C$14 -> 3 | W16: =$D$14 -> 3 | X16: =$E$14 -> 3 | Y16: =$F$18-$F$3-$F$4-$F$14 -> 45 | Z16: =PRODUCT(U16:Y16) -> 2430 | AA16: =Z16/$B$19 -> 3.126544e-05 | AB16: =AA16*$A$22 -> 3.126544e-05 | AC16: =AB16*$C$25 -> 0.00078163599 | AD16: =AC16/$B$22 -> 7.8163599e-05 | AE16: 0.001552125 | AF16: =AD16-AE16 -> -0.0014739614 | AG16: =AF16/AD16 -> -18.857389 | AI16: H4,RS,RS,RS,!H4 | AJ16: =$B$3+$B$7 -> 2 | AK16: =$C$14 -> 3 | AL16: =$D$14 -> 3 | AM16: =$E$14 -> 3 | AN16: =$F$18-$F$3-$F$7-$F$14 -> 42 | AO16: =PRODUCT(AJ16:AN16) -> 2268 | AP16: =AO16/$B$19 -> 2.9181077e-05 | AQ16: =AP16*$A$22 -> 2.9181077e-05 | AR16: =AQ16*$C$28 -> 0.00035017292 | AS16: =AR16/$B$22 -> 3.5017292e-05 | AT16: 0.000695856 | AU16: =AS16-AT16 -> -0.00066083871 | AV16: =AU16/AS16 -> -18.871782 | AX16: L3,RS,RS,RS,!L3 | AY16: =$B$3+$B$10 -> 7 | AZ16: =$C$14 -> 3 | BA16: =$D$14 -> 3 | BB16: =$E$14 -> 3 | BC16: =$F$18-$F$3-$F$10-$F$14 -> 42 | BD16: =PRODUCT(AY16:BC16) -> 7938 | BE16: =BD16/$B$19 -> 0.00010213377 | BF16: =BE16*$A$22 -> 0.00010213377 | BG16: =BF16*$C$31 -> 0.00051066885 | BH16: =BG16/$B$22 -> 5.1066885e-05 | BI16: 0.00102422 | BJ16: =BH16-BI16 -> -0.00097315312 | BK16: =BJ16/BH16 -> -19.056442
A17: Res1 | B17: 0 | C17: 0 | D17: 0 | E17: 0 | F17: 0 | H17: 5xL2 | I17: =B3+B9 -> 7 | J17: =C3+C9 -> 3 | K17: =D3+D9 -> 2 | L17: =E3+E9 -> 28 | M17: =F3+F9 -> 6 | N17: =PRODUCT(I17:M17) -> 7056 | O17: =N17/$B$19 -> 9.0785573e-05 | P17: =O17*$A$22 -> 9.0785573e-05 | Q17: =P17*B30 -> 0.0022696393 | R17: =Q17/$B$22 -> 0.00022696393 | AD17: =SUM(AD10:AD16) -> 0.0030918046 | AE17: =SUM(AE10:AE16) -> 0.061793125 | AF17: =SUM(AF10:AF16) -> -0.05870132 | AG17: =SUM(AG10:AG16) -> -133.02304 | AS17: =SUM(AS10:AS16) -> 0.0017586462 | AT17: =SUM(AT10:AT16) -> 0.035184084 | AU17: =SUM(AU10:AU16) -> -0.033425438 | AV17: =SUM(AV10:AV16) -> -133.09328 | BH17: =SUM(BH10:BH16) -> 0.0015320065 | BI17: =SUM(BI10:BI16) -> 0.03064094 | BJ17: =SUM(BJ10:BJ16) -> -0.029108933 | BK17: =SUM(BK10:BK16) -> -132.89397
A18: Total | B18: =SUM(B3:B17) -> 32 | C18: =SUM(C3:C17) -> 40 | D18: =SUM(D3:D17) -> 23 | E18: =SUM(E3:E17) -> 55 | F18: =SUM(F3:F17) -> 48 | H18: 4xL2 | I18: =I17 -> 7 | J18: =J17 -> 3 | K18: =K17 -> 2 | L18: =L17 -> 28 | M18: =F18-M17 -> 42 | N18: =PRODUCT(I18:M18) -> 49392 | O18: =N18/$B$19 -> 0.00063549901 | P18: =O18*$A$22 -> 0.00063549901 | Q18: =P18*C30 -> 0.0031774951 | R18: =Q18/$B$22 -> 0.00031774951 | T18: H1,RS,H1,!H1!RS,Any | U18: =$B$3+$B$4 -> 2 | V18: =$C$14 -> 3 | W18: =$D$3+$D$4 -> 6 | X18: =$E$18-$E$3-$E$4-$E$14 -> 20 | Y18: =$F$18 -> 48 | Z18: =PRODUCT(U18:Y18) -> 34560 | AA18: =Z18/$B$19 -> 0.00044466403 | AB18: =AA18*$A$22 -> 0.00044466403 | AC18: =AB18*$D$25 -> 0.00088932806 | AD18: =AC18/$B$22 -> 8.8932806e-05 | AE18: 0.001779654 | AF18: =AD18-AE18 -> -0.0016907212 | AG18: =AF18/AD18 -> -19.011221 | AI18: H4,RS,H4,!H4!RS,Any | AJ18: =$B$3+$B$7 -> 2 | AK18: =$C$14 -> 3 | AL18: =$D$3+$D$7 -> 2 | AM18: =$E$18-$E$3-$E$7-$E$14 -> 24 | AN18: =$F$18 -> 48 | AO18: =PRODUCT(AJ18:AN18) -> 13824 | AP18: =AO18/$B$19 -> 0.00017786561 | AQ18: =AP18*$A$22 -> 0.00017786561 | AR18: =AQ18*$D$28 -> 0.00035573123 | AS18: =AR18/$B$22 -> 3.5573123e-05 | AT18: 0.000711202 | AU18: =AS18-AT18 -> -0.00067562888 | AV18: =AU18/AS18 -> -18.992678 | AX18: L3,RS,L3,!L3!RS,Any | AY18: =$B$3+$B$10 -> 7 | AZ18: =$C$14 -> 3 | BA18: =$D$3+$D$10 -> 2 | BB18: =$E$18-$E$3-$E$10-$E$14 -> 22 | BC18: =$F$18 -> 48 | BD18: =PRODUCT(AY18:BC18) -> 44352 | BE18: =BD18/$B$19 -> 0.00057065217 | BF18: =BE18*$A$22 -> 0.00057065217 | BG18: =BF18*$D$31 -> 0.0011413043 | BH18: =BG18/$B$22 -> 0.00011413043 | BI18: 0.002284038 | BJ18: =BH18-BI18 -> -0.0021699076 | BK18: =BJ18/BH18 -> -19.012523
A19: Total Cycles | B19: =PRODUCT(B18:F18) -> 77721600 | H19: 3xL3 | I19: =I17 -> 7 | J19: =J17 -> 3 | K19: =K17 -> 2 | L19: =E18-L17 -> 27 | M19: =F18 -> 48 | N19: =PRODUCT(I19:M19) -> 54432 | O19: =N19/$B$19 -> 0.00070034585 | P19: =O19*$A$22 -> 0.00070034585 | Q19: =P19*D30 -> 0.0014006917 | R19: =Q19/$B$22 -> 0.00014006917 | T19: H1,H1,RS,!H1!RS,Any | U19: =$B$3+$B$4 -> 2 | V19: =$C$3+$C$4 -> 1 | W19: =$D$14 -> 3 | X19: =$E$18-$E$3-$E$4-$E$14 -> 20 | Y19: =$F$18 -> 48 | Z19: =PRODUCT(U19:Y19) -> 5760 | AA19: =Z19/$B$19 -> 7.4110672e-05 | AB19: =AA19*$A$22 -> 7.4110672e-05 | AC19: =AB19*$D$25 -> 0.00014822134 | AD19: =AC19/$B$22 -> 1.4822134e-05 | AE19: 0.000297054 | AF19: =AD19-AE19 -> -0.00028223187 | AG19: =AF19/AD19 -> -19.041243 | AI19: H4,H4,RS,!H4!RS,Any | AJ19: =$B$3+$B$7 -> 2 | AK19: =$C$3+$C$7 -> 9 | AL19: =$D$14 -> 3 | AM19: =$E$18-$E$3-$E$7-$E$14 -> 24 | AN19: =$F$18 -> 48 | AO19: =PRODUCT(AJ19:AN19) -> 62208 | AP19: =AO19/$B$19 -> 0.00080039526 | AQ19: =AP19*$A$22 -> 0.00080039526 | AR19: =AQ19*$D$28 -> 0.0016007905 | AS19: =AR19/$B$22 -> 0.00016007905 | AT19: 0.003202894 | AU19: =AS19-AT19 -> -0.0030428149 | AV19: =AU19/AS19 -> -19.008202 | AX19: L3,L3,RS,!L3!RS,Any | AY19: =$B$3+$B$10 -> 7 | AZ19: =$C$3+$C$10 -> 3 | BA19: =$D$14 -> 3 | BB19: =$E$18-$E$3-$E$10-$E$14 -> 22 | BC19: =$F$18 -> 48 | BD19: =PRODUCT(AY19:BC19) -> 66528 | BE19: =BD19/$B$19 -> 0.00085597826 | BF19: =BE19*$A$22 -> 0.00085597826 | BG19: =BF19*$D$31 -> 0.0017119565 | BH19: =BG19/$B$22 -> 0.00017119565 | BI19: 0.003426692 | BJ19: =BH19-BI19 -> -0.0032554963 | BK19: =BJ19/BH19 -> -19.016233
H20: 5xL3 | I20: =B3+B10 -> 7 | J20: =C3+C10 -> 3 | K20: =D3+D10 -> 2 | L20: =E3+E10 -> 30 | M20: =F3+F10 -> 6 | N20: =PRODUCT(I20:M20) -> 7560 | O20: =N20/$B$19 -> 9.7270257e-05 | P20: =O20*$A$22 -> 9.7270257e-05 | Q20: =P20*B31 -> 0.0024317564 | R20: =Q20/$B$22 -> 0.00024317564 | T20: H1,RS,RS,!H1!RS,Any | U20: =$B$3+$B$4 -> 2 | V20: =$C$14 -> 3 | W20: =$D$14 -> 3 | X20: =$E$18-$E$3-$E$4-$E$14 -> 20 | Y20: =$F$18 -> 48 | Z20: =PRODUCT(U20:Y20) -> 17280 | AA20: =Z20/$B$19 -> 0.00022233202 | AB20: =AA20*$A$22 -> 0.00022233202 | AC20: =AB20*$D$25 -> 0.00044466403 | AD20: =AC20/$B$22 -> 4.4466403e-05 | AE20: 0.000888978 | AF20: =AD20-AE20 -> -0.0008445116 | AG20: =AF20/AD20 -> -18.992127 | AI20: H4,RS,RS,!H4!RS,Any | AJ20: =$B$3+$B$7 -> 2 | AK20: =$C$14 -> 3 | AL20: =$D$14 -> 3 | AM20: =$E$18-$E$3-$E$7-$E$14 -> 24 | AN20: =$F$18 -> 48 | AO20: =PRODUCT(AJ20:AN20) -> 20736 | AP20: =AO20/$B$19 -> 0.00026679842 | AQ20: =AP20*$A$22 -> 0.00026679842 | AR20: =AQ20*$D$28 -> 0.00053359684 | AS20: =AR20/$B$22 -> 5.3359684e-05 | AT20: 0.001067278 | AU20: =AS20-AT20 -> -0.0010139183 | AV20: =AU20/AS20 -> -19.00158 | AX20: L3,RS,RS,!L3!RS,Any | AY20: =$B$3+$B$10 -> 7 | AZ20: =$C$14 -> 3 | BA20: =$D$14 -> 3 | BB20: =$E$18-$E$3-$E$10-$E$14 -> 22 | BC20: =$F$18 -> 48 | BD20: =PRODUCT(AY20:BC20) -> 66528 | BE20: =BD20/$B$19 -> 0.00085597826 | BF20: =BE20*$A$22 -> 0.00085597826 | BG20: =BF20*$D$31 -> 0.0017119565 | BH20: =BG20/$B$22 -> 0.00017119565 | BI20: 0.003418918 | BJ20: =BH20-BI20 -> -0.0032477223 | BK20: =BJ20/BH20 -> -18.970823
A21: Total Lines | B21: Wage | H21: 4xL3 | I21: =I20 -> 7 | J21: =J20 -> 3 | K21: =K20 -> 2 | L21: =L20 -> 30 | M21: =F18-M20 -> 42 | N21: =PRODUCT(I21:M21) -> 52920 | O21: =N21/$B$19 -> 0.0006808918 | P21: =O21*$A$22 -> 0.0006808918 | Q21: =P21*C31 -> 0.003404459 | R21: =Q21/$B$22 -> 0.0003404459 | AD21: =SUM(AD18:AD20) -> 0.00014822134 | AE21: =SUM(AE18:AE20) -> 0.002965686 | AF21: =SUM(AF18:AF20) -> -0.0028174647 | AG21: =SUM(AG18:AG20) -> -57.044591 | AS21: =SUM(AS18:AS20) -> 0.00024901186 | AT21: =SUM(AT18:AT20) -> 0.004981374 | AU21: =SUM(AU18:AU20) -> -0.0047323621 | AV21: =SUM(AV18:AV20) -> -57.002461 | BH21: =SUM(BH18:BH20) -> 0.00045652174 | BI21: =SUM(BI18:BI20) -> 0.009129648 | BJ21: =SUM(BJ18:BJ20) -> -0.0086731263 | BK21: =SUM(BK18:BK20) -> -56.999579
A22: 1 | B22: 10 | H22: 3xL3 | I22: =I20 -> 7 | J22: =J20 -> 3 | K22: =K20 -> 2 | L22: =E18-L20 -> 25 | M22: =F18 -> 48 | N22: =PRODUCT(I22:M22) -> 50400 | O22: =N22/$B$19 -> 0.00064846838 | P22: =O22*$A$22 -> 0.00064846838 | Q22: =P22*D31 -> 0.0012969368 | R22: =Q22/$B$22 -> 0.00012969368
H23: 5xL4 | I23: =B3+B11 -> 2 | J23: =C3+C11 -> 7 | K23: =D3+D11 -> 0 | L23: =E3+E11 -> 28 | M23: =F3+F11 -> 6 | N23: =PRODUCT(I23:M23) -> 0 | O23: =N23/$B$19 -> 0 | P23: =O23*$A$22 -> 0 | Q23: =P23*B32 -> 0 | R23: =Q23/$B$22 -> 0 | T23: H2,RS,H2,H2,H2 | U23: =$B$3+$B$5 -> 3 | V23: =$C$14 -> 3 | W23: =$D$3+$D$5 -> 4 | X23: =$E$3+$E$5 -> 32 | Y23: =$F$3+$F$5 -> 4 | Z23: =PRODUCT(U23:Y23) -> 4608 | AA23: =Z23/$B$19 -> 5.9288538e-05 | AB23: =AA23*$A$22 -> 5.9288538e-05 | AC23: =AB23*$B$26 -> 0.0029644269 | AD23: =AC23/$B$22 -> 0.00029644269 | AE23: 0.0058639 | AF23: =AD23-AE23 -> -0.0055674573 | AG23: =AF23/AD23 -> -18.780889 | AI23: L1,RS,L1,L1,L1 | AJ23: =$B$3+$B$8 -> 4 | AK23: =$C$14 -> 3 | AL23: =$D$3+$D$8 -> 4 | AM23: =$E$3+$E$8 -> 34 | AN23: =$F$3+$F$8 -> 5 | AO23: =PRODUCT(AJ23:AN23) -> 8160 | AP23: =AO23/$B$19 -> 0.00010499012 | AQ23: =AP23*20 -> 0.0020998024 | AR23: =AQ23*$B$29 -> 0.083992095 | AS23: =AR23/$B$22 -> 0.0083992095 | AT23: 0.00834284 | AU23: =AS23-AT23 -> 5.6369486e-05 | AV23: =AU23/AS23 -> 0.0067112847 | AX23: L4,RS,L4,L4,L4 | AY23: =$B$3+$B$11 -> 2 | AZ23: =$C$14 -> 3 | BA23: =$D$3+$D$11 -> 0 | BB23: =$E$3+$E$11 -> 28 | BC23: =$F$3+$F$11 -> 6 | BD23: =PRODUCT(AY23:BC23) -> 0 | BE23: =BD23/$B$19 -> 0 | BF23: =BE23*20 -> 0 | BG23: =BF23*$B$32 -> 0 | BH23: =BG23/$B$22 -> 0 | BI23: 0.00259365 | BJ23: =BH23-BI23 -> -0.00259365 | BK23: 0
A24: Symbol | B24: 5 OAK | C24: 4 OAK | D24: 3 OAK | H24: 4xL4 | I24: =I23 -> 2 | J24: =J23 -> 7 | K24: =K23 -> 0 | L24: =L23 -> 28 | M24: =F18-M23 -> 42 | N24: =PRODUCT(I24:M24) -> 0 | O24: =N24/$B$19 -> 0 | P24: =O24*$A$22 -> 0 | Q24: =P24*C32 -> 0 | R24: =Q24/$B$22 -> 0 | T24: H2,H2,RS,H2,H2 | U24: =$B$3+$B$5 -> 3 | V24: =$C$3+$C$5 -> 1 | W24: =$D$14 -> 3 | X24: =$E$3+$E$5 -> 32 | Y24: =$F$3+$F$5 -> 4 | Z24: =PRODUCT(U24:Y24) -> 1152 | AA24: =Z24/$B$19 -> 1.4822134e-05 | AB24: =AA24*20 -> 0.00029644269 | AC24: =AB24*$B$26 -> 0.014822134 | AD24: =AC24/$B$22 -> 0.0014822134 | AE24: 0.0014903 | AF24: =AD24-AE24 -> -8.0865613e-06 | AG24: =AF24/AD24 -> -0.0054557333 | AI24: L1,L1,RS,L1,L1 | AJ24: =$B$3+$B$8 -> 4 | AK24: =$C$3+$C$8 -> 9 | AL24: =$D$14 -> 3 | AM24: =$E$3+$E$8 -> 34 | AN24: =$F$3+$F$8 -> 5 | AO24: =PRODUCT(AJ24:AN24) -> 18360 | AP24: =AO24/$B$19 -> 0.00023622777 | AQ24: =AP24*20 -> 0.0047245553 | AR24: =AQ24*$B$29 -> 0.18898221 | AS24: =AR24/$B$22 -> 0.018898221 | AT24: 0.0188954 | AU24: =AS24-AT24 -> 2.8213439e-06 | AV24: =AU24/AS24 -> 0.0001492915 | AX24: L4,L4,RS,L4,L4 | AY24: =$B$3+$B$11 -> 2 | AZ24: =$C$3+$C$11 -> 7 | BA24: =$D$14 -> 3 | BB24: =$E$3+$E$11 -> 28 | BC24: =$F$3+$F$11 -> 6 | BD24: =PRODUCT(AY24:BC24) -> 7056 | BE24: =BD24/$B$19 -> 9.0785573e-05 | BF24: =BE24*20 -> 0.0018157115 | BG24: =BF24*$B$32 -> 0.045392787 | BH24: =BG24/$B$22 -> 0.0045392787 | BI24: 0.00452865 | BJ24: =BH24-BI24 -> 1.0628656e-05 | BK24: =BJ24/BH24 -> 0.0023414857
A25: H1 | B25: 75 | C25: 25 | D25: 2 | H25: 3xL4 | I25: =I23 -> 2 | J25: =J23 -> 7 | K25: =K23 -> 0 | L25: =E18-L23 -> 27 | M25: =F18 -> 48 | N25: =PRODUCT(I25:M25) -> 0 | O25: =N25/$B$19 -> 0 | P25: =O25*$A$22 -> 0 | Q25: =P25*D32 -> 0 | R25: =Q25/$B$22 -> 0 | T25: H2,H2,H2,RS,H2 | U25: =$B$3+$B$5 -> 3 | V25: =$C$3+$C$5 -> 1 | W25: =$D$3+$D$5 -> 4 | X25: =$E$14 -> 3 | Y25: =$F$3+$F$5 -> 4 | Z25: =PRODUCT(U25:Y25) -> 144 | AA25: =Z25/$B$19 -> 1.8527668e-06 | AB25: =AA25*20 -> 3.7055336e-05 | AC25: =AB25*$B$26 -> 0.0018527668 | AD25: =AC25/$B$22 -> 0.00018527668 | AE25: 0.0001836 | AF25: =AD25-AE25 -> 1.6766798e-06 | AG25: =AF25/AD25 -> 0.0090496 | AI25: L1,L1,L1,RS,L1 | AJ25: =$B$3+$B$8 -> 4 | AK25: =$C$3+$C$8 -> 9 | AL25: =$D$3+$D$8 -> 4 | AM25: =$E$14 -> 3 | AN25: =$F$3+$F$8 -> 5 | AO25: =PRODUCT(AJ25:AN25) -> 2160 | AP25: =AO25/$B$19 -> 2.7791502e-05 | AQ25: =AP25*20 -> 0.00055583004 | AR25: =AQ25*$B$29 -> 0.022233202 | AS25: =AR25/$B$22 -> 0.0022233202 | AT25: 0.00222692 | AU25: =AS25-AT25 -> -3.5998419e-06 | AV25: =AU25/AS25 -> -0.0016191289 | AX25: L4,L4,L4,RS,L4 | AY25: =$B$3+$B$11 -> 2 | AZ25: =$C$3+$C$11 -> 7 | BA25: =$D$3+$D$11 -> 0 | BB25: =$E$14 -> 3 | BC25: =$F$3+$F$11 -> 6 | BD25: =PRODUCT(AY25:BC25) -> 0 | BE25: =BD25/$B$19 -> 0 | BF25: =BE25*20 -> 0 | BG25: =BF25*$B$32 -> 0 | BH25: =BG25/$B$22 -> 0 | BI25: 0.00083365 | BJ25: =BH25-BI25 -> -0.00083365 | BK25: 0
A26: H2 | B26: 50 | C26: 12 | D26: 2 | H26: 5xL5 | I26: =B3+B12 -> 2 | J26: =C3+C12 -> 7 | K26: =D3+D12 -> 0 | L26: =E3+E12 -> 32 | M26: =F3+F12 -> 6 | N26: =PRODUCT(I26:M26) -> 0 | O26: =N26/$B$19 -> 0 | P26: =O26*$A$22 -> 0 | Q26: =P26*B33 -> 0 | R26: =Q26/$B$22 -> 0 | T26: H2,RS,RS,H2,H2 | U26: =$B$3+$B$5 -> 3 | V26: =$C$14 -> 3 | W26: =$D$14 -> 3 | X26: =$E$3+$E$5 -> 32 | Y26: =$F$3+$F$5 -> 4 | Z26: =PRODUCT(U26:Y26) -> 3456 | AA26: =Z26/$B$19 -> 4.4466403e-05 | AB26: =AA26*$A$22 -> 4.4466403e-05 | AC26: =AB26*$B$26 -> 0.0022233202 | AD26: =AC26/$B$22 -> 0.00022233202 | AE26: 0.00445885 | AF26: =AD26-AE26 -> -0.004236518 | AG26: =AF26/AD26 -> -19.054916 | AI26: L1,RS,RS,L1,L1 | AJ26: =$B$3+$B$8 -> 4 | AK26: =$C$14 -> 3 | AL26: =$D$14 -> 3 | AM26: =$E$3+$E$8 -> 34 | AN26: =$F$3+$F$8 -> 5 | AO26: =PRODUCT(AJ26:AN26) -> 6120 | AP26: =AO26/$B$19 -> 7.8742589e-05 | AQ26: =AP26*$A$22 -> 7.8742589e-05 | AR26: =AQ26*$B$29 -> 0.0031497036 | AS26: =AR26/$B$22 -> 0.00031497036 | AT26: 0.0063104 | AU26: =AS26-AT26 -> -0.0059954296 | AV26: =AU26/AS26 -> -19.034901 | AX26: L4,RS,RS,L4,L4 | AY26: =$B$3+$B$11 -> 2 | AZ26: =$C$14 -> 3 | BA26: =$D$14 -> 3 | BB26: =$E$3+$E$11 -> 28 | BC26: =$F$3+$F$11 -> 6 | BD26: =PRODUCT(AY26:BC26) -> 3024 | BE26: =BD26/$B$19 -> 3.8908103e-05 | BF26: =BE26*$A$22 -> 3.8908103e-05 | BG26: =BF26*$B$32 -> 0.00097270257 | BH26: =BG26/$B$22 -> 9.7270257e-05 | BI26: 0.00194435 | BJ26: =BH26-BI26 -> -0.0018470797 | BK26: =BJ26/BH26 -> -18.989153
A27: H3 | B27: 50 | C27: 12 | D27: 2 | H27: 4xL5 | I27: =I26 -> 2 | J27: =J26 -> 7 | K27: =K26 -> 0 | L27: =L26 -> 32 | M27: =F18-M26 -> 42 | N27: =PRODUCT(I27:M27) -> 0 | O27: =N27/$B$19 -> 0 | P27: =O27*$A$22 -> 0 | Q27: =P27*C33 -> 0 | R27: =Q27/$B$22 -> 0 | T27: H2,RS,H2,RS,H2 | U27: =$B$3+$B$5 -> 3 | V27: =$C$14 -> 3 | W27: =$D$3+$D$5 -> 4 | X27: =$E$14 -> 3 | Y27: =$F$3+$F$5 -> 4 | Z27: =PRODUCT(U27:Y27) -> 432 | AA27: =Z27/$B$19 -> 5.5583004e-06 | AB27: =AA27*$A$22 -> 5.5583004e-06 | AC27: =AB27*$B$26 -> 0.00027791502 | AD27: =AC27/$B$22 -> 2.7791502e-05 | AE27: 0.0005467 | AF27: =AD27-AE27 -> -0.0005189085 | AG27: =AF27/AD27 -> -18.671481 | AI27: L1,RS,L1,RS,L1 | AJ27: =$B$3+$B$8 -> 4 | AK27: =$C$14 -> 3 | AL27: =$D$3+$D$8 -> 4 | AM27: =$E$14 -> 3 | AN27: =$F$3+$F$8 -> 5 | AO27: =PRODUCT(AJ27:AN27) -> 720 | AP27: =AO27/$B$19 -> 9.263834e-06 | AQ27: =AP27*$A$22 -> 9.263834e-06 | AR27: =AQ27*$B$29 -> 0.00037055336 | AS27: =AR27/$B$22 -> 3.7055336e-05 | AT27: 0.00073912 | AU27: =AS27-AT27 -> -0.00070206466 | AV27: =AU27/AS27 -> -18.946385 | AX27: L4,RS,L4,RS,L4 | AY27: =$B$3+$B$11 -> 2 | AZ27: =$C$14 -> 3 | BA27: =$D$3+$D$11 -> 0 | BB27: =$E$14 -> 3 | BC27: =$F$3+$F$11 -> 6 | BD27: =PRODUCT(AY27:BC27) -> 0 | BE27: =BD27/$B$19 -> 0 | BF27: =BE27*$A$22 -> 0 | BG27: =BF27*$B$32 -> 0 | BH27: =BG27/$B$22 -> 0 | BI27: 0.00027545 | BJ27: =BH27-BI27 -> -0.00027545 | BK27: 0
A28: H4 | B28: 50 | C28: 12 | D28: 2 | H28: 3xL5 | I28: =I26 -> 2 | J28: =J26 -> 7 | K28: =K26 -> 0 | L28: =E18-L26 -> 23 | M28: =F18 -> 48 | N28: =PRODUCT(I28:M28) -> 0 | O28: =N28/$B$19 -> 0 | P28: =O28*$A$22 -> 0 | Q28: =P28*D33 -> 0 | R28: =Q28/$B$22 -> 0 | T28: H2,H2,RS,RS,H2 | U28: =$B$3+$B$5 -> 3 | V28: =$C$3+$C$5 -> 1 | W28: =$D$14 -> 3 | X28: =$E$14 -> 3 | Y28: =$F$3+$F$5 -> 4 | Z28: =PRODUCT(U28:Y28) -> 108 | AA28: =Z28/$B$19 -> 1.3895751e-06 | AB28: =AA28*$A$22 -> 1.3895751e-06 | AC28: =AB28*$B$26 -> 6.9478755e-05 | AD28: =AC28/$B$22 -> 6.9478755e-06 | AE28: 0.00014125 | AF28: =AD28-AE28 -> -0.00013430212 | AG28: =AF28/AD28 -> -19.329956 | AI28: L1,L1,RS,RS,L1 | AJ28: =$B$3+$B$8 -> 4 | AK28: =$C$3+$C$8 -> 9 | AL28: =$D$14 -> 3 | AM28: =$E$14 -> 3 | AN28: =$F$3+$F$8 -> 5 | AO28: =PRODUCT(AJ28:AN28) -> 1620 | AP28: =AO28/$B$19 -> 2.0843626e-05 | AQ28: =AP28*$A$22 -> 2.0843626e-05 | AR28: =AQ28*$B$29 -> 0.00083374506 | AS28: =AR28/$B$22 -> 8.3374506e-05 | AT28: 0.00166592 | AU28: 0 | AV28: =AU28/AS28 -> 0 | AX28: L4,L4,RS,RS,L4 | AY28: =$B$3+$B$11 -> 2 | AZ28: =$C$3+$C$11 -> 7 | BA28: =$D$14 -> 3 | BB28: =$E$14 -> 3 | BC28: =$F$3+$F$11 -> 6 | BD28: =PRODUCT(AY28:BC28) -> 756 | BE28: =BD28/$B$19 -> 9.7270257e-06 | BF28: =BE28*$A$22 -> 9.7270257e-06 | BG28: =BF28*$B$32 -> 0.00024317564 | BH28: =BG28/$B$22 -> 2.4317564e-05 | BI28: 0.00124485 | BJ28: 0 | BK28: =BJ28/BH28 -> 0
A29: L1 | B29: 40 | C29: 7 | D29: 2 | O29: =SUM(O2:O28) -> 0.0097826087 | P29: =SUM(P2:P28) -> 0.0097826087 | Q29: =SUM(Q2:Q28) -> 0.071852767 | R29: =SUM(R2:R28) -> 0.0071852767 | T29: H2,RS,RS,RS,H2 | U29: =$B$3+$B$5 -> 3 | V29: =$C$14 -> 3 | W29: =$D$14 -> 3 | X29: =$E$14 -> 3 | Y29: =$F$3+$F$5 -> 4 | Z29: =PRODUCT(U29:Y29) -> 324 | AA29: =Z29/$B$19 -> 4.1687253e-06 | AB29: =AA29*$A$22 -> 4.1687253e-06 | AC29: =AB29*$B$26 -> 0.00020843626 | AD29: =AC29/$B$22 -> 2.0843626e-05 | AE29: 0.0004106 | AF29: =AD29-AE29 -> -0.00038975637 | AG29: =AF29/AD29 -> -18.699067 | AI29: L1,RS,RS,RS,L1 | AJ29: =$B$3+$B$8 -> 4 | AK29: =$C$14 -> 3 | AL29: =$D$14 -> 3 | AM29: =$E$14 -> 3 | AN29: =$F$3+$F$8 -> 5 | AO29: =PRODUCT(AJ29:AN29) -> 540 | AP29: =AO29/$B$19 -> 6.9478755e-06 | AQ29: =AP29*$A$22 -> 6.9478755e-06 | AR29: =AQ29*$B$29 -> 0.00027791502 | AS29: =AR29/$B$22 -> 2.7791502e-05 | AT29: 0.00055148 | AU29: =AS29-AT29 -> -0.0005236885 | AV29: =AU29/AS29 -> -18.843476 | AX29: L4,RS,RS,RS,L4 | AY29: =$B$3+$B$11 -> 2 | AZ29: =$C$14 -> 3 | BA29: =$D$14 -> 3 | BB29: =$E$14 -> 3 | BC29: =$F$3+$F$11 -> 6 | BD29: =PRODUCT(AY29:BC29) -> 324 | BE29: =BD29/$B$19 -> 4.1687253e-06 | BF29: =BE29*$A$22 -> 4.1687253e-06 | BG29: =BF29*$B$32 -> 0.00010421813 | BH29: =BG29/$B$22 -> 1.0421813e-05 | BI29: 0.000208325 | BJ29: =BH29-BI29 -> -0.00019790319 | BK29: =BJ29/BH29 -> -18.989324
A30: L2 | B30: 25 | C30: 5 | D30: 2 | AD30: =SUM(AD23:AD29) -> 0.0022418478 | AE30: =SUM(AE23:AE29) -> 0.0130952 | AF30: =SUM(AF23:AF29) -> -0.010853352 | AG30: =SUM(AG23:AG29) -> -94.532716 | AS30: =SUM(AS23:AS29) -> 0.029983943 | AT30: =SUM(AT23:AT29) -> 0.03873208 | AU30: =SUM(AU23:AU29) -> -0.0071655918 | AV30: =SUM(AV23:AV29) -> -56.819521 | BH30: =SUM(BH23:BH29) -> 0.0046712883 | BI30: =SUM(BI23:BI29) -> 0.011628925 | BJ30: =SUM(BJ23:BJ29) -> -0.0057371043 | BK30: =SUM(BK23:BK29) -> -37.976135
A31: L3 | B31: 25 | C31: 5 | D31: 2 | H31: Prize + RS | T31: H2,RS,H2,H2,!H2 | U31: =$B$3+$B$5 -> 3 | V31: =$C$14 -> 3 | W31: =$D$3+$D$5 -> 4 | X31: =$E$3+$E$5 -> 32 | Y31: =$F$18-$F$14-$F$3-$F$5 -> 44 | Z31: =PRODUCT(U31:Y31) -> 50688 | AA31: =Z31/$B$19 -> 0.00065217391 | AB31: =AA31*$A$22 -> 0.00065217391 | AC31: =AB31*$C$26 -> 0.007826087 | AD31: =AC31/$B$22 -> 0.0007826087 | AE31: 0.01566324 | AF31: =AD31-AE31 -> -0.014880631 | AG31: =AF31/AD31 -> -19.01414 | AI31: L1,RS,L1,L1,!L1 | AJ31: =$B$3+$B$8 -> 4 | AK31: =$C$14 -> 3 | AL31: =$D$3+$D$8 -> 4 | AM31: =$E$3+$E$8 -> 34 | AN31: =$F$18-$F$3-$F$8-$F$14 -> 43 | AO31: =PRODUCT(AJ31:AN31) -> 70176 | AP31: =AO31/$B$19 -> 0.00090291502 | AQ31: =AP31*$A$22 -> 0.00090291502 | AR31: =AQ31*$C$29 -> 0.0063204051 | AS31: =AR31/$B$22 -> 0.00063204051 | AT31: 0.012656854 | AU31: =AS31-AT31 -> -0.012024813 | AV31: =AU31/AS31 -> -19.025384 | AX31: L4,RS,L4,L4,!L4 | AY31: =$B$3+$B$11 -> 2 | AZ31: =$C$14 -> 3 | BA31: =$D$3+$D$11 -> 0 | BB31: =$E$3+$E$11 -> 28 | BC31: =$F$18-$F$3-$F$11-$F$14 -> 42 | BD31: =PRODUCT(AY31:BC31) -> 0 | BE31: =BD31/$B$19 -> 0 | BF31: =BE31*$A$22 -> 0 | BG31: =BF31*$C$32 -> 0 | BH31: =BG31/$B$22 -> 0 | BI31: 0 | BJ31: =BH31-BI31 -> 0 | BK31: 0
A32: L4 | B32: 25 | C32: 5 | D32: 2 | H32: 5xH1 | R32: =AD9 -> 0.0082089149 | T32: H2,H2,RS,H2,!H2 | U32: =$B$3+$B$5 -> 3 | V32: =$C$3+$C$5 -> 1 | W32: =$D$14 -> 3 | X32: =$E$3+$E$5 -> 32 | Y32: =$F$18-$F$14-$F$3-$F$5 -> 44 | Z32: =PRODUCT(U32:Y32) -> 12672 | AA32: =Z32/$B$19 -> 0.00016304348 | AB32: =AA32*$A$22 -> 0.00016304348 | AC32: =AB32*$C$26 -> 0.0019565217 | AD32: =AC32/$B$22 -> 0.00019565217 | AE32: 0.003907632 | AF32: =AD32-AE32 -> -0.0037119798 | AG32: =AF32/AD32 -> -18.972341 | AI32: L1,L1,RS,L1,!L1 | AJ32: =$B$3+$B$8 -> 4 | AK32: =$C$3+$C$8 -> 9 | AL32: =$D$14 -> 3 | AM32: =$E$3+$E$8 -> 34 | AN32: =$F$18-$F$3-$F$8-$F$14 -> 43 | AO32: =PRODUCT(AJ32:AN32) -> 157896 | AP32: =AO32/$B$19 -> 0.0020315588 | AQ32: =AP32*$A$22 -> 0.0020315588 | AR32: =AQ32*$C$29 -> 0.014220912 | AS32: =AR32/$B$22 -> 0.0014220912 | AT32: 0.028457898 | AU32: =AS32-AT32 -> -0.027035807 | AV32: =AU32/AS32 -> -19.011304 | AX32: L4,L4,RS,L4,!L4 | AY32: =$B$3+$B$11 -> 2 | AZ32: =$C$3+$C$11 -> 7 | BA32: =$D$14 -> 3 | BB32: =$E$3+$E$11 -> 28 | BC32: =$F$18-$F$3-$F$11-$F$14 -> 42 | BD32: =PRODUCT(AY32:BC32) -> 49392 | BE32: =BD32/$B$19 -> 0.00063549901 | BF32: =BE32*$A$22 -> 0.00063549901 | BG32: =BF32*$C$32 -> 0.0031774951 | BH32: =BG32/$B$22 -> 0.00031774951 | BI32: 0.006368855 | BJ32: =BH32-BI32 -> -0.0060511055 | BK32: =BJ32/BH32 -> -19.043635
A33: L5 | B33: 25 | C33: 5 | D33: 2 | H33: 4xH1 | R33: =AD17 -> 0.0030918046 | T33: H2,H2,H2,RS,!H2 | U33: =$B$3+$B$5 -> 3 | V33: =$C$3+$C$5 -> 1 | W33: =$D$3+$D$5 -> 4 | X33: =$E$14 -> 3 | Y33: =$F$18-$F$14-$F$3-$F$5 -> 44 | Z33: =PRODUCT(U33:Y33) -> 1584 | AA33: =Z33/$B$19 -> 2.0380435e-05 | AB33: =AA33*$A$22 -> 2.0380435e-05 | AC33: =AB33*$C$26 -> 0.00024456522 | AD33: =AC33/$B$22 -> 2.4456522e-05 | AE33: 0.000484896 | AF33: =AD33-AE33 -> -0.00046043948 | AG33: =AF33/AD33 -> -18.826859 | AI33: L1,L1,L1,RS,!L1 | AJ33: =$B$3+$B$8 -> 4 | AK33: =$C$3+$C$8 -> 9 | AL33: =$D$3+$D$8 -> 4 | AM33: =$E$14 -> 3 | AN33: =$F$18-$F$3-$F$8-$F$14 -> 43 | AO33: =PRODUCT(AJ33:AN33) -> 18576 | AP33: =AO33/$B$19 -> 0.00023900692 | AQ33: =AP33*$A$22 -> 0.00023900692 | AR33: =AQ33*$C$29 -> 0.0016730484 | AS33: =AR33/$B$22 -> 0.00016730484 | AT33: 0.003355933 | AU33: =AS33-AT33 -> -0.0031886282 | AV33: =AU33/AS33 -> -19.058792 | AX33: L4,L4,L4,RS,!L4 | AY33: =$B$3+$B$11 -> 2 | AZ33: =$C$3+$C$11 -> 7 | BA33: =$D$3+$D$11 -> 0 | BB33: =$E$14 -> 3 | BC33: =$F$18-$F$3-$F$11-$F$14 -> 42 | BD33: =PRODUCT(AY33:BC33) -> 0 | BE33: =BD33/$B$19 -> 0 | BF33: =BE33*$A$22 -> 0 | BG33: =BF33*$C$32 -> 0 | BH33: =BG33/$B$22 -> 0 | BI33: 0 | BJ33: =BH33-BI33 -> 0 | BK33: 0
A34: SC | B34: 50 | C34: 5 | D34: 1 | H34: 3xH1 | R34: =AD21 -> 0.00014822134 | T34: H2,RS,RS,H2,!H2 | U34: =$B$3+$B$5 -> 3 | V34: =$C$14 -> 3 | W34: =$D$14 -> 3 | X34: =$E$3+$E$5 -> 32 | Y34: =$F$18-$F$14-$F$3-$F$5 -> 44 | Z34: =PRODUCT(U34:Y34) -> 38016 | AA34: =Z34/$B$19 -> 0.00048913043 | AB34: =AA34*$A$22 -> 0.00048913043 | AC34: =AB34*$C$26 -> 0.0058695652 | AD34: =AC34/$B$22 -> 0.00058695652 | AE34: 0.011748912 | AF34: =AD34-AE34 -> -0.011161955 | AG34: =AF34/AD34 -> -19.016665 | AI34: L1,RS,RS,L1,!L1 | AJ34: =$B$3+$B$8 -> 4 | AK34: =$C$14 -> 3 | AL34: =$D$14 -> 3 | AM34: =$E$3+$E$8 -> 34 | AN34: =$F$18-$F$3-$F$8-$F$14 -> 43 | AO34: =PRODUCT(AJ34:AN34) -> 52632 | AP34: =AO34/$B$19 -> 0.00067718626 | AQ34: =AP34*$A$22 -> 0.00067718626 | AR34: =AQ34*$C$29 -> 0.0047403039 | AS34: =AR34/$B$22 -> 0.00047403039 | AT34: 0.00947779 | AU34: =AS34-AT34 -> -0.0090037596 | AV34: =AU34/AS34 -> -18.994056 | AX34: L4,RS,RS,L4,!L4 | AY34: =$B$3+$B$11 -> 2 | AZ34: =$C$14 -> 3 | BA34: =$D$14 -> 3 | BB34: =$E$3+$E$11 -> 28 | BC34: =$F$18-$F$3-$F$11-$F$14 -> 42 | BD34: =PRODUCT(AY34:BC34) -> 21168 | BE34: =BD34/$B$19 -> 0.00027235672 | BF34: =BE34*$A$22 -> 0.00027235672 | BG34: =BF34*$C$32 -> 0.0013617836 | BH34: =BG34/$B$22 -> 0.00013617836 | BI34: 0.002728585 | BJ34: =BH34-BI34 -> -0.0025924066 | BK34: =BJ34/BH34 -> -19.036847
H35: 5xH2 | R35: =AD30 -> 0.0022418478 | T35: H2,RS,H2,RS,!H2 | U35: =$B$3+$B$5 -> 3 | V35: =$C$14 -> 3 | W35: =$D$3+$D$5 -> 4 | X35: =$E$14 -> 3 | Y35: =$F$18-$F$14-$F$3-$F$5 -> 44 | Z35: =PRODUCT(U35:Y35) -> 4752 | AA35: =Z35/$B$19 -> 6.1141304e-05 | AB35: =AA35*$A$22 -> 6.1141304e-05 | AC35: =AB35*$C$26 -> 0.00073369565 | AD35: =AC35/$B$22 -> 7.3369565e-05 | AE35: 0.001457268 | AF35: =AD35-AE35 -> -0.0013838984 | AG35: =AF35/AD35 -> -18.862023 | AI35: L1,RS,L1,RS,!L1 | AJ35: =$B$3+$B$8 -> 4 | AK35: =$C$14 -> 3 | AL35: =$D$3+$D$8 -> 4 | AM35: =$E$14 -> 3 | AN35: =$F$18-$F$3-$F$8-$F$14 -> 43 | AO35: =PRODUCT(AJ35:AN35) -> 6192 | AP35: =AO35/$B$19 -> 7.9668972e-05 | AQ35: =AP35*$A$22 -> 7.9668972e-05 | AR35: =AQ35*$C$29 -> 0.00055768281 | AS35: =AR35/$B$22 -> 5.5768281e-05 | AT35: 0.001117956 | AU35: =AS35-AT35 -> -0.0010621877 | AV35: =AU35/AS35 -> -19.046449 | AX35: L4,RS,L4,RS,!L4 | AY35: =$B$3+$B$11 -> 2 | AZ35: =$C$14 -> 3 | BA35: =$D$3+$D$11 -> 0 | BB35: =$E$14 -> 3 | BC35: =$F$18-$F$3-$F$11-$F$14 -> 42 | BD35: =PRODUCT(AY35:BC35) -> 0 | BE35: =BD35/$B$19 -> 0 | BF35: =BE35*$A$22 -> 0 | BG35: =BF35*$C$32 -> 0 | BH35: =BG35/$B$22 -> 0 | BI35: 0 | BJ35: =BH35-BI35 -> 0 | BK35: 0
H36: 4xH2 | R36: =AD38 -> 0.001736413 | T36: H2,H2,RS,RS,!H2 | U36: =$B$3+$B$5 -> 3 | V36: =$C$3+$C$5 -> 1 | W36: =$D$14 -> 3 | X36: =$E$14 -> 3 | Y36: =$F$18-$F$14-$F$3-$F$5 -> 44 | Z36: =PRODUCT(U36:Y36) -> 1188 | AA36: =Z36/$B$19 -> 1.5285326e-05 | AB36: =AA36*$A$22 -> 1.5285326e-05 | AC36: =AB36*$C$26 -> 0.00018342391 | AD36: =AC36/$B$22 -> 1.8342391e-05 | AE36: 0.00036552 | AF36: =AD36-AE36 -> -0.00034717761 | AG36: =AF36/AD36 -> -18.927609 | AI36: L1,L1,RS,RS,!L1 | AJ36: =$B$3+$B$8 -> 4 | AK36: =$C$3+$C$8 -> 9 | AL36: =$D$14 -> 3 | AM36: =$E$14 -> 3 | AN36: =$F$18-$F$3-$F$8-$F$14 -> 43 | AO36: =PRODUCT(AJ36:AN36) -> 13932 | AP36: =AO36/$B$19 -> 0.00017925519 | AQ36: =AP36*$A$22 -> 0.00017925519 | AR36: =AQ36*$C$29 -> 0.0012547863 | AS36: =AR36/$B$22 -> 0.00012547863 | AT36: 0.002511425 | AU36: =AS36-AT36 -> -0.0023859464 | AV36: =AU36/AS36 -> -19.014762 | AX36: L4,L4,RS,RS,!L4 | AY36: =$B$3+$B$11 -> 2 | AZ36: =$C$3+$C$11 -> 7 | BA36: =$D$14 -> 3 | BB36: =$E$14 -> 3 | BC36: =$F$18-$F$3-$F$11-$F$14 -> 42 | BD36: =PRODUCT(AY36:BC36) -> 5292 | BE36: =BD36/$B$19 -> 6.808918e-05 | BF36: =BE36*$A$22 -> 6.808918e-05 | BG36: =BF36*$C$32 -> 0.0003404459 | BH36: =BG36/$B$22 -> 3.404459e-05 | BI36: 0.00068075 | BJ36: =BH36-BI36 -> -0.00064670541 | BK36: =BJ36/BH36 -> -18.995835
A37: Jackpot | H37: 3xH2 | R37: =AD42 -> 0.00017786561 | T37: H2,RS,RS,RS,!H2 | U37: =$B$3+$B$5 -> 3 | V37: =$C$14 -> 3 | W37: =$D$14 -> 3 | X37: =$E$14 -> 3 | Y37: =$F$18-$F$14-$F$3-$F$5 -> 44 | Z37: =PRODUCT(U37:Y37) -> 3564 | AA37: =Z37/$B$19 -> 4.5855978e-05 | AB37: =AA37*$A$22 -> 4.5855978e-05 | AC37: =AB37*$C$26 -> 0.00055027174 | AD37: =AC37/$B$22 -> 5.5027174e-05 | AE37: 0.001106664 | AF37: =AD37-AE37 -> -0.0010516368 | AG37: =AF37/AD37 -> -19.111227 | AI37: L1,RS,RS,RS,!L1 | AJ37: =$B$3+$B$8 -> 4 | AK37: =$C$14 -> 3 | AL37: =$D$14 -> 3 | AM37: =$E$14 -> 3 | AN37: =$F$18-$F$3-$F$8-$F$14 -> 43 | AO37: =PRODUCT(AJ37:AN37) -> 4644 | AP37: =AO37/$B$19 -> 5.9751729e-05 | AQ37: =AP37*$A$22 -> 5.9751729e-05 | AR37: =AQ37*$C$29 -> 0.0004182621 | AS37: =AR37/$B$22 -> 4.182621e-05 | AT37: 0.000840077 | AU37: =AS37-AT37 -> -0.00079825079 | AV37: =AU37/AS37 -> -19.084942 | AX37: L4,RS,RS,RS,!L4 | AY37: =$B$3+$B$11 -> 2 | AZ37: =$C$14 -> 3 | BA37: =$D$14 -> 3 | BB37: =$E$14 -> 3 | BC37: =$F$18-$F$3-$F$11-$F$14 -> 42 | BD37: =PRODUCT(AY37:BC37) -> 2268 | BE37: =BD37/$B$19 -> 2.9181077e-05 | BF37: =BE37*$A$22 -> 2.9181077e-05 | BG37: =BF37*$C$32 -> 0.00014590539 | BH37: =BG37/$B$22 -> 1.4590539e-05 | BI37: 0.00029401 | BJ37: =BH37-BI37 -> -0.00027941946 | BK37: =BJ37/BH37 -> -19.15073
A38: Name | B38: Prize | H38: 5xH3 | R38: =AD51 -> 0.0022789032 | AD38: =SUM(AD31:AD37) -> 0.001736413 | AE38: =SUM(AE31:AE37) -> 0.034734132 | AF38: =SUM(AF31:AF37) -> -0.032997719 | AG38: =SUM(AG31:AG37) -> -132.73086 | AS38: =SUM(AS31:AS37) -> 0.00291854 | AT38: =SUM(AT31:AT37) -> 0.058417933 | AU38: =SUM(AU31:AU37) -> -0.055499393 | AV38: =SUM(AV31:AV37) -> -133.23569 | BH38: =SUM(BH31:BH37) -> 0.00050256299 | BI38: =SUM(BI31:BI37) -> 0.0100722 | BJ38: =SUM(BJ31:BJ37) -> -0.009569637 | BK38: =SUM(BK31:BK37) -> -76.227047
A39: MEGA | B39: 1250 | H39: 4xH3 | R39: =AD59 -> 0.00072369071 | T39: H2,RS,H2,!H2!RS,Any | U39: =$B$3+$B$5 -> 3 | V39: =$C$14 -> 3 | W39: =$D$3+$D$5 -> 4 | X39: =$E$18-$E$3-$E$5-$E$14 -> 20 | Y39: =$F$18 -> 48 | Z39: =PRODUCT(U39:Y39) -> 34560 | AA39: =Z39/$B$19 -> 0.00044466403 | AB39: =AA39*$A$22 -> 0.00044466403 | AC39: =AB39*$D$26 -> 0.00088932806 | AD39: =AC39/$B$22 -> 8.8932806e-05 | AE39: 0.00177568 | AF39: =AD39-AE39 -> -0.0016867472 | AG39: =AF39/AD39 -> -18.966535 | AI39: L1,RS,L1,!L1!RS,Any | AJ39: =$B$3+$B$8 -> 4 | AK39: =$C$14 -> 3 | AL39: =$D$3+$D$8 -> 4 | AM39: =$E$18-$E$3-$E$8-$E$14 -> 18 | AN39: =$F$18 -> 48 | AO39: =PRODUCT(AJ39:AN39) -> 41472 | AP39: =AO39/$B$19 -> 0.00053359684 | AQ39: =AP39*$A$22 -> 0.00053359684 | AR39: =AQ39*$D$29 -> 0.0010671937 | AS39: =AR39/$B$22 -> 0.00010671937 | AT39: 0.002131788 | AU39: =AS39-AT39 -> -0.0020250686 | AV39: =AU39/AS39 -> -18.975643 | AX39: L4,RS,L4,!L4!RS,Any | AY39: =$B$3+$B$11 -> 2 | AZ39: =$C$14 -> 3 | BA39: =$D$3+$D$11 -> 0 | BB39: =$E$18-$E$3-$E$11-$E$14 -> 24 | BC39: =$F$18 -> 48 | BD39: =PRODUCT(AY39:BC39) -> 0 | BE39: =BD39/$B$19 -> 0 | BF39: =BE39*$A$22 -> 0 | BG39: =BF39*$D$32 -> 0 | BH39: =BG39/$B$22 -> 0 | BI39: 0 | BJ39: =BH39-BI39 -> 0 | BK39: 0
A40: MAJOR | B40: 125 | H40: 3xH3 | R40: =AD63 -> 0.00010671937 | T40: H2,H2,RS,!H2!RS,Any | U40: =$B$3+$B$5 -> 3 | V40: =$C$3+$C$5 -> 1 | W40: =$D$14 -> 3 | X40: =$E$18-$E$3-$E$5-$E$14 -> 20 | Y40: =$F$18 -> 48 | Z40: =PRODUCT(U40:Y40) -> 8640 | AA40: =Z40/$B$19 -> 0.00011116601 | AB40: =AA40*$A$22 -> 0.00011116601 | AC40: =AB40*$D$26 -> 0.00022233202 | AD40: =AC40/$B$22 -> 2.2233202e-05 | AE40: 0.00044493 | AF40: =AD40-AE40 -> -0.0004226968 | AG40: =AF40/AD40 -> -19.011963 | AI40: L1,L1,RS,!L1!RS,Any | AJ40: =$B$3+$B$8 -> 4 | AK40: =$C$3+$C$8 -> 9 | AL40: =$D$14 -> 3 | AM40: =$E$18-$E$3-$E$8-$E$14 -> 18 | AN40: =$F$18 -> 48 | AO40: =PRODUCT(AJ40:AN40) -> 93312 | AP40: =AO40/$B$19 -> 0.0012005929 | AQ40: =AP40*$A$22 -> 0.0012005929 | AR40: =AQ40*$D$29 -> 0.0024011858 | AS40: =AR40/$B$22 -> 0.00024011858 | AT40: 0.004796952 | AU40: =AS40-AT40 -> -0.0045568334 | AV40: =AU40/AS40 -> -18.97743 | AX40: L4,L4,RS,!L4!RS,Any | AY40: =$B$3+$B$11 -> 2 | AZ40: =$C$3+$C$11 -> 7 | BA40: =$D$14 -> 3 | BB40: =$E$18-$E$3-$E$11-$E$14 -> 24 | BC40: =$F$18 -> 48 | BD40: =PRODUCT(AY40:BC40) -> 48384 | BE40: =BD40/$B$19 -> 0.00062252964 | BF40: =BE40*$A$22 -> 0.00062252964 | BG40: =BF40*$D$32 -> 0.0012450593 | BH40: =BG40/$B$22 -> 0.00012450593 | BI40: 0.002486298 | BJ40: =BH40-BI40 -> -0.0023617921 | BK40: =BJ40/BH40 -> -18.969314
A41: MINOR | B41: 25 | H41: 5xH4 | R41: =AS9 -> 0.01539186 | T41: H2,RS,RS,!H2!RS,Any | U41: =$B$3+$B$5 -> 3 | V41: =$C$14 -> 3 | W41: =$D$14 -> 3 | X41: =$E$18-$E$3-$E$5-$E$14 -> 20 | Y41: =$F$18 -> 48 | Z41: =PRODUCT(U41:Y41) -> 25920 | AA41: =Z41/$B$19 -> 0.00033349802 | AB41: =AA41*$A$22 -> 0.00033349802 | AC41: =AB41*$D$26 -> 0.00066699605 | AD41: =AC41/$B$22 -> 6.6699605e-05 | AE41: 0.001334498 | AF41: =AD41-AE41 -> -0.0012677984 | AG41: =AF41/AD41 -> -19.007585 | AI41: L1,RS,RS,!L1!RS,Any | AJ41: =$B$3+$B$8 -> 4 | AK41: =$C$14 -> 3 | AL41: =$D$14 -> 3 | AM41: =$E$18-$E$3-$E$8-$E$14 -> 18 | AN41: =$F$18 -> 48 | AO41: =PRODUCT(AJ41:AN41) -> 31104 | AP41: =AO41/$B$19 -> 0.00040019763 | AQ41: =AP41*$A$22 -> 0.00040019763 | AR41: =AQ41*$D$29 -> 0.00080039526 | AS41: =AR41/$B$22 -> 8.0039526e-05 | AT41: 0.001603574 | AU41: =AS41-AT41 -> -0.0015235345 | AV41: =AU41/AS41 -> -19.034776 | AX41: L4,RS,RS,!L4!RS,Any | AY41: =$B$3+$B$11 -> 2 | AZ41: =$C$14 -> 3 | BA41: =$D$14 -> 3 | BB41: =$E$18-$E$3-$E$11-$E$14 -> 24 | BC41: =$F$18 -> 48 | BD41: =PRODUCT(AY41:BC41) -> 20736 | BE41: =BD41/$B$19 -> 0.00026679842 | BF41: =BE41*$A$22 -> 0.00026679842 | BG41: =BF41*$D$32 -> 0.00053359684 | BH41: =BG41/$B$22 -> 5.3359684e-05 | BI41: 0.001067434 | BJ41: =BH41-BI41 -> -0.0010140743 | BK41: =BJ41/BH41 -> -19.004504
A42: MAXI | B42: 10 | H42: 4xH4 | R42: =AS17 -> 0.0017586462 | AD42: =SUM(AD39:AD41) -> 0.00017786561 | AE42: =SUM(AE39:AE41) -> 0.003555108 | AF42: =SUM(AF39:AF41) -> -0.0033772424 | AG42: =SUM(AG39:AG41) -> -56.986083 | AS42: =SUM(AS39:AS41) -> 0.00042687747 | AT42: =SUM(AT39:AT41) -> 0.008532314 | AU42: =SUM(AU39:AU41) -> -0.0081054365 | AV42: =SUM(AV39:AV41) -> -56.987849 | BH42: =SUM(BH39:BH41) -> 0.00017786561 | BI42: =SUM(BI39:BI41) -> 0.003553732 | BJ42: =SUM(BJ39:BJ41) -> -0.0033758664 | BK42: =SUM(BK39:BK41) -> -37.973818
A43: MINI | B43: 5 | H43: 3xH4 | R43: =AS21 -> 0.00024901186
H44: 5xL1 | R44: =AS30 -> 0.029983943 | T44: H3,RS,H3,H3,H3 | U44: =$B$3+$B$6 -> 3 | V44: =$C$14 -> 3 | W44: =$D$3+$D$6 -> 0 | X44: =$E$3+$E$6 -> 28 | Y44: =$F$3+$F$6 -> 6 | Z44: =PRODUCT(U44:Y44) -> 0 | AA44: =Z44/$B$19 -> 0 | AB44: =AA44*$A$22 -> 0 | AC44: =AB44*$B$27 -> 0 | AD44: =AC44/$B$22 -> 0 | AE44: 0 | AF44: =AD44-AE44 -> 0 | AG44: 0 | AI44: L2,RS,L2,L2,L2 | AJ44: =$B$3+$B$9 -> 7 | AK44: =$C$14 -> 3 | AL44: =$D$3+$D$9 -> 2 | AM44: =$E$3+$E$9 -> 28 | AN44: =$F$3+$F$9 -> 6 | AO44: =PRODUCT(AJ44:AN44) -> 7056 | AP44: =AO44/$B$19 -> 9.0785573e-05 | AQ44: =AP44*20 -> 0.0018157115 | AR44: =AQ44*$B$30 -> 0.045392787 | AS44: =AR44/$B$22 -> 0.0045392787 | AT44: 0.004550575 | AU44: =AS44-AT44 -> -1.1296344e-05 | AV44: =AU44/AS44 -> -0.0024885769 | AX44: L5,RS,L5,L5,L5 | AY44: =$B$3+$B$12 -> 2 | AZ44: =$C$14 -> 3 | BA44: =$D$3+$D$12 -> 0 | BB44: =$E$3+$E$12 -> 32 | BC44: =$F$3+$F$12 -> 6 | BD44: =PRODUCT(AY44:BC44) -> 0 | BE44: =BD44/$B$19 -> 0 | BF44: =BE44*20 -> 0 | BG44: =BF44*$B$33 -> 0 | BH44: =BG44/$B$22 -> 0 | BI44: 0 | BJ44: =BH44-BI44 -> 0 | BK44: 0
H45: 4xL1 | R45: =AS38 -> 0.00291854 | T45: H3,H3,RS,H3,H3 | U45: =$B$3+$B$6 -> 3 | V45: =$C$3+$C$6 -> 1 | W45: =$D$14 -> 3 | X45: =$E$3+$E$6 -> 28 | Y45: =$F$3+$F$6 -> 6 | Z45: =PRODUCT(U45:Y45) -> 1512 | AA45: =Z45/$B$19 -> 1.9454051e-05 | AB45: =AA45*20 -> 0.00038908103 | AC45: =AB45*$B$27 -> 0.019454051 | AD45: =AC45/$B$22 -> 0.0019454051 | AE45: 0.0019485 | AF45: =AD45-AE45 -> -3.0948617e-06 | AG45: =AF45/AD45 -> -0.0015908571 | AI45: L2,L2,RS,L2,L2 | AJ45: =$B$3+$B$9 -> 7 | AK45: =$C$3+$C$9 -> 3 | AL45: =$D$14 -> 3 | AM45: =$E$3+$E$9 -> 28 | AN45: =$F$3+$F$9 -> 6 | AO45: =PRODUCT(AJ45:AN45) -> 10584 | AP45: =AO45/$B$19 -> 0.00013617836 | AQ45: =AP45*20 -> 0.0027235672 | AR45: =AQ45*$B$30 -> 0.06808918 | AS45: =AR45/$B$22 -> 0.006808918 | AT45: 0.006831275 | AU45: =AS45-AT45 -> -2.2357016e-05 | AV45: =AU45/AS45 -> -0.0032834902 | AX45: L5,L5,RS,L5,L5 | AY45: =$B$3+$B$12 -> 2 | AZ45: =$C$3+$C$12 -> 7 | BA45: =$D$14 -> 3 | BB45: =$E$3+$E$12 -> 32 | BC45: =$F$3+$F$12 -> 6 | BD45: =PRODUCT(AY45:BC45) -> 8064 | BE45: =BD45/$B$19 -> 0.00010375494 | BF45: =BE45*20 -> 0.0020750988 | BG45: =BF45*$B$33 -> 0.05187747 | BH45: =BG45/$B$22 -> 0.005187747 | BI45: 0.005186725 | BJ45: =BH45-BI45 -> 1.0220356e-06 | BK45: =BJ45/BH45 -> 0.00019700952
A46: Averge Total Coin Prizes | H46: 3xL1 | R46: =AS42 -> 0.00042687747 | T46: H3,H3,H3,RS,H3 | U46: =$B$3+$B$6 -> 3 | V46: =$C$3+$C$6 -> 1 | W46: =$D$3+$D$6 -> 0 | X46: =$E$14 -> 3 | Y46: =$F$3+$F$6 -> 6 | Z46: =PRODUCT(U46:Y46) -> 0 | AA46: =Z46/$B$19 -> 0 | AB46: =AA46*20 -> 0 | AC46: =AB46*$B$27 -> 0 | AD46: =AC46/$B$22 -> 0 | AE46: 0 | AF46: =AD46-AE46 -> 0 | AG46: 0 | AI46: L2,L2,L2,RS,L2 | AJ46: =$B$3+$B$9 -> 7 | AK46: =$C$3+$C$9 -> 3 | AL46: =$D$3+$D$9 -> 2 | AM46: =$E$14 -> 3 | AN46: =$F$3+$F$9 -> 6 | AO46: =PRODUCT(AJ46:AN46) -> 756 | AP46: =AO46/$B$19 -> 9.7270257e-06 | AQ46: =AP46*20 -> 0.00019454051 | AR46: =AQ46*$B$30 -> 0.0048635128 | AS46: =AR46/$B$22 -> 0.00048635128 | AT46: 0.000486825 | AU46: =AS46-AT46 -> -4.7371542e-07 | AV46: =AU46/AS46 -> -0.00097401905 | AX46: L5,L5,L5,RS,L5 | AY46: =$B$3+$B$12 -> 2 | AZ46: =$C$3+$C$12 -> 7 | BA46: =$D$3+$D$12 -> 0 | BB46: =$E$14 -> 3 | BC46: =$F$3+$F$12 -> 6 | BD46: =PRODUCT(AY46:BC46) -> 0 | BE46: =BD46/$B$19 -> 0 | BF46: =BE46*20 -> 0 | BG46: =BF46*$B$33 -> 0 | BH46: =BG46/$B$22 -> 0 | BI46: 0 | BJ46: =BH46-BI46 -> 0 | BK46: 0
A47: =C52*C53 -> 2 | H47: 5xL2 | R47: =AS51 -> 0.012272264 | T47: H3,RS,RS,H3,H3 | U47: =$B$3+$B$6 -> 3 | V47: =$C$14 -> 3 | W47: =$D$14 -> 3 | X47: =$E$3+$E$6 -> 28 | Y47: =$F$3+$F$6 -> 6 | Z47: =PRODUCT(U47:Y47) -> 4536 | AA47: =Z47/$B$19 -> 5.8362154e-05 | AB47: =AA47*$A$22 -> 5.8362154e-05 | AC47: =AB47*$B$27 -> 0.0029181077 | AD47: =AC47/$B$22 -> 0.00029181077 | AE47: 0.0058175 | AF47: =AD47-AE47 -> -0.0055256892 | AG47: =AF47/AD47 -> -18.935865 | AI47: L2,RS,RS,L2,L2 | AJ47: =$B$3+$B$9 -> 7 | AK47: =$C$14 -> 3 | AL47: =$D$14 -> 3 | AM47: =$E$3+$E$9 -> 28 | AN47: =$F$3+$F$9 -> 6 | AO47: =PRODUCT(AJ47:AN47) -> 10584 | AP47: =AO47/$B$19 -> 0.00013617836 | AQ47: =AP47*$A$22 -> 0.00013617836 | AR47: =AQ47*$B$30 -> 0.003404459 | AS47: =AR47/$B$22 -> 0.0003404459 | AT47: 0.006808375 | AU47: =AS47-AT47 -> -0.0064679291 | AV47: =AU47/AS47 -> -18.998405 | AX47: L5,RS,RS,L5,L5 | AY47: =$B$3+$B$12 -> 2 | AZ47: =$C$14 -> 3 | BA47: =$D$14 -> 3 | BB47: =$E$3+$E$12 -> 32 | BC47: =$F$3+$F$12 -> 6 | BD47: =PRODUCT(AY47:BC47) -> 3456 | BE47: =BD47/$B$19 -> 4.4466403e-05 | BF47: =BE47*$A$22 -> 4.4466403e-05 | BG47: =BF47*$B$33 -> 0.0011116601 | BH47: =BG47/$B$22 -> 0.00011116601 | BI47: 0.0022235 | BJ47: =BH47-BI47 -> -0.002112334 | BK47: =BJ47/BH47 -> -19.001618
H48: 4xL2 | R48: =AS59 -> 0.001441221 | T48: H3,RS,H3,RS,H3 | U48: =$B$3+$B$6 -> 3 | V48: =$C$14 -> 3 | W48: =$D$3+$D$6 -> 0 | X48: =$E$14 -> 3 | Y48: =$F$3+$F$6 -> 6 | Z48: =PRODUCT(U48:Y48) -> 0 | AA48: =Z48/$B$19 -> 0 | AB48: =AA48*$A$22 -> 0 | AC48: =AB48*$B$27 -> 0 | AD48: =AC48/$B$22 -> 0 | AE48: 0 | AF48: =AD48-AE48 -> 0 | AG48: 0 | AI48: L2,RS,L2,RS,L2 | AJ48: =$B$3+$B$9 -> 7 | AK48: =$C$14 -> 3 | AL48: =$D$3+$D$9 -> 2 | AM48: =$E$14 -> 3 | AN48: =$F$3+$F$9 -> 6 | AO48: =PRODUCT(AJ48:AN48) -> 756 | AP48: =AO48/$B$19 -> 9.7270257e-06 | AQ48: =AP48*$A$22 -> 9.7270257e-06 | AR48: =AQ48*$B$30 -> 0.00024317564 | AS48: =AR48/$B$22 -> 2.4317564e-05 | AT48: 0.000483825 | AU48: =AS48-AT48 -> -0.00045950744 | AV48: =AU48/AS48 -> -18.896113 | AX48: L5,RS,L5,RS,L5 | AY48: =$B$3+$B$12 -> 2 | AZ48: =$C$14 -> 3 | BA48: =$D$3+$D$12 -> 0 | BB48: =$E$14 -> 3 | BC48: =$F$3+$F$12 -> 6 | BD48: =PRODUCT(AY48:BC48) -> 0 | BE48: =BD48/$B$19 -> 0 | BF48: =BE48*$A$22 -> 0 | BG48: =BF48*$B$33 -> 0 | BH48: =BG48/$B$22 -> 0 | BI48: 0 | BJ48: =BH48-BI48 -> 0 | BK48: 0
A49: Number Coins | C49: 2 | D49: 3 | E49: 4 | F49: 5 | H49: 3xL3 | R49: =AS63 -> 0.00049802372 | T49: H3,H3,RS,RS,H3 | U49: =$B$3+$B$6 -> 3 | V49: =$C$3+$C$6 -> 1 | W49: =$D$14 -> 3 | X49: =$E$14 -> 3 | Y49: =$F$3+$F$6 -> 6 | Z49: =PRODUCT(U49:Y49) -> 162 | AA49: =Z49/$B$19 -> 2.0843626e-06 | AB49: =AA49*$A$22 -> 2.0843626e-06 | AC49: =AB49*$B$27 -> 0.00010421813 | AD49: =AC49/$B$22 -> 1.0421813e-05 | AE49: 0.00021005 | AF49: =AD49-AE49 -> -0.00019962819 | AG49: =AF49/AD49 -> -19.154842 | AI49: L2,L2,RS,RS,L2 | AJ49: =$B$3+$B$9 -> 7 | AK49: =$C$3+$C$9 -> 3 | AL49: =$D$14 -> 3 | AM49: =$E$14 -> 3 | AN49: =$F$3+$F$9 -> 6 | AO49: =PRODUCT(AJ49:AN49) -> 1134 | AP49: =AO49/$B$19 -> 1.4590539e-05 | AQ49: =AP49*$A$22 -> 1.4590539e-05 | AR49: =AQ49*$B$30 -> 0.00036476346 | AS49: =AR49/$B$22 -> 3.6476346e-05 | AT49: 0.000733025 | AU49: 0 | AV49: =AU49/AS49 -> 0 | AX49: L5,L5,RS,RS,L5 | AY49: =$B$3+$B$12 -> 2 | AZ49: =$C$3+$C$12 -> 7 | BA49: =$D$14 -> 3 | BB49: =$E$14 -> 3 | BC49: =$F$3+$F$12 -> 6 | BD49: =PRODUCT(AY49:BC49) -> 756 | BE49: =BD49/$B$19 -> 9.7270257e-06 | BF49: =BE49*$A$22 -> 9.7270257e-06 | BG49: =BF49*$B$33 -> 0.00024317564 | BH49: =BG49/$B$22 -> 2.4317564e-05 | BI49: 0.00049135 | BJ49: 0 | BK49: =BJ49/BH49 -> 0
A50: Weights | C50: 1 | D50: 1 | E50: 1 | F50: 3 | G50: =SUM(C50:F50) -> 6 | H50: 5xL3 | R50: =BH9 -> 0.013107167 | T50: H3,RS,RS,RS,H3 | U50: =$B$3+$B$6 -> 3 | V50: =$C$14 -> 3 | W50: =$D$14 -> 3 | X50: =$E$14 -> 3 | Y50: =$F$3+$F$6 -> 6 | Z50: =PRODUCT(U50:Y50) -> 486 | AA50: =Z50/$B$19 -> 6.2530879e-06 | AB50: =AA50*$A$22 -> 6.2530879e-06 | AC50: =AB50*$B$27 -> 0.0003126544 | AD50: =AC50/$B$22 -> 3.126544e-05 | AE50: 0.000633 | AF50: =AD50-AE50 -> -0.00060173456 | AG50: =AF50/AD50 -> -19.245997 | AI50: L2,RS,RS,RS,L2 | AJ50: =$B$3+$B$9 -> 7 | AK50: =$C$14 -> 3 | AL50: =$D$14 -> 3 | AM50: =$E$14 -> 3 | AN50: =$F$3+$F$9 -> 6 | AO50: =PRODUCT(AJ50:AN50) -> 1134 | AP50: =AO50/$B$19 -> 1.4590539e-05 | AQ50: =AP50*$A$22 -> 1.4590539e-05 | AR50: =AQ50*$B$30 -> 0.00036476346 | AS50: =AR50/$B$22 -> 3.6476346e-05 | AT50: 0.00072535 | AU50: =AS50-AT50 -> -0.00068887365 | AV50: =AU50/AS50 -> -18.885489 | AX50: L5,RS,RS,RS,L5 | AY50: =$B$3+$B$12 -> 2 | AZ50: =$C$14 -> 3 | BA50: =$D$14 -> 3 | BB50: =$E$14 -> 3 | BC50: =$F$3+$F$12 -> 6 | BD50: =PRODUCT(AY50:BC50) -> 324 | BE50: =BD50/$B$19 -> 4.1687253e-06 | BF50: =BE50*$A$22 -> 4.1687253e-06 | BG50: =BF50*$B$33 -> 0.00010421813 | BH50: =BG50/$B$22 -> 1.0421813e-05 | BI50: 0.000210375 | BJ50: =BH50-BI50 -> -0.00019995319 | BK50: =BJ50/BH50 -> -19.186027
A51: Probs | C51: =C50/$G$50 -> 0.16666667 | D51: =D50/$G$50 -> 0.16666667 | E51: =E50/$G$50 -> 0.16666667 | F51: =F50/$G$50 -> 0.5 | H51: 4xL3 | R51: =BH17 -> 0.0015320065 | U51: =$B$3+$B$6 -> 3 | AD51: =SUM(AD44:AD50) -> 0.0022789032 | AE51: =SUM(AE44:AE50) -> 0.00860905 | AF51: =SUM(AF44:AF50) -> -0.0063301468 | AG51: =SUM(AG44:AG50) -> -57.338295 | AS51: =SUM(AS44:AS50) -> 0.012272264 | AT51: =SUM(AT44:AT50) -> 0.02061925 | AU51: =SUM(AU44:AU50) -> -0.0076504373 | AV51: =SUM(AV44:AV50) -> -56.786753 | BH51: =SUM(BH44:BH50) -> 0.0053336524 | BI51: =SUM(BI44:BI50) -> 0.00811195 | BJ51: =SUM(BJ44:BJ50) -> -0.0023112651 | BK51: =SUM(BK44:BK50) -> -38.187447
A52: Average Coins | C52: =SUMPRODUCT(C49:F49,C51:F51) -> 4 | H52: 3xL3 | R52: =BH21 -> 0.00045652174 | T52: H3,RS,H3,H3,!H3 | U52: =$B$3+$B$6 -> 3 | V52: =$C$14 -> 3 | W52: =$D$3+$D$6 -> 0 | X52: =$E$3+$E$6 -> 28 | Y52: =$F$18-$F$14-$F$3-$F$6 -> 42 | Z52: =PRODUCT(U52:Y52) -> 0 | AA52: =Z52/$B$19 -> 0 | AB52: =AA52*$A$22 -> 0 | AC52: =AB52*$C$27 -> 0 | AD52: =AC52/$B$22 -> 0 | AE52: 0 | AF52: =AD52-AE52 -> 0 | AG52: 0 | AI52: L2,RS,L2,L2,!L2 | AJ52: =$B$3+$B$9 -> 7 | AK52: =$C$14 -> 3 | AL52: =$D$3+$D$9 -> 2 | AM52: =$E$3+$E$9 -> 28 | AN52: =$F$18-$F$3-$F$9-$F$14 -> 42 | AO52: =PRODUCT(AJ52:AN52) -> 49392 | AP52: =AO52/$B$19 -> 0.00063549901 | AQ52: =AP52*$A$22 -> 0.00063549901 | AR52: =AQ52*$C$30 -> 0.0031774951 | AS52: =AR52/$B$22 -> 0.00031774951 | AT52: 0.006358645 | AU52: =AS52-AT52 -> -0.0060408955 | AV52: =AU52/AS52 -> -19.011502 | AX52: L5,RS,L5,L5,!L5 | AY52: =$B$3+$B$12 -> 2 | AZ52: =$C$14 -> 3 | BA52: =$D$3+$D$12 -> 0 | BB52: =$E$3+$E$12 -> 32 | BC52: =$F$18-$F$3-$F$12-$F$14 -> 42 | BD52: =PRODUCT(AY52:BC52) -> 0 | BE52: =BD52/$B$19 -> 0 | BF52: =BE52*$A$22 -> 0 | BG52: =BF52*$C$33 -> 0 | BH52: =BG52/$B$22 -> 0 | BI52: 0 | BJ52: =BH52-BI52 -> 0 | BK52: 0
A53: Average Coins | B53: oin Prize | C53: =A65 -> 0.5 | H53: 5xL4 | R53: =BH30 -> 0.0046712883 | T53: H3,H3,RS,H3,!H3 | U53: =$B$3+$B$6 -> 3 | V53: =$C$3+$C$6 -> 1 | W53: =$D$14 -> 3 | X53: =$E$3+$E$6 -> 28 | Y53: =$F$18-$F$14-$F$3-$F$6 -> 42 | Z53: =PRODUCT(U53:Y53) -> 10584 | AA53: =Z53/$B$19 -> 0.00013617836 | AB53: =AA53*$A$22 -> 0.00013617836 | AC53: =AB53*$C$27 -> 0.0016341403 | AD53: =AC53/$B$22 -> 0.00016341403 | AE53: 0.003269532 | AF53: =AD53-AE53 -> -0.003106118 | AG53: =AF53/AD53 -> -19.007658 | AI53: L2,L2,RS,L2,!L2 | AJ53: =$B$3+$B$9 -> 7 | AK53: =$C$3+$C$9 -> 3 | AL53: =$D$14 -> 3 | AM53: =$E$3+$E$9 -> 28 | AN53: =$F$18-$F$3-$F$9-$F$14 -> 42 | AO53: =PRODUCT(AJ53:AN53) -> 74088 | AP53: =AO53/$B$19 -> 0.00095324852 | AQ53: =AP53*$A$22 -> 0.00095324852 | AR53: =AQ53*$C$30 -> 0.0047662426 | AS53: =AR53/$B$22 -> 0.00047662426 | AT53: 0.009532895 | AU53: =AS53-AT53 -> -0.0090562707 | AV53: =AU53/AS53 -> -19.00086 | AX53: L5,L5,RS,L5,!L5 | AY53: =$B$3+$B$12 -> 2 | AZ53: =$C$3+$C$12 -> 7 | BA53: =$D$14 -> 3 | BB53: =$E$3+$E$12 -> 32 | BC53: =$F$18-$F$3-$F$12-$F$14 -> 42 | BD53: =PRODUCT(AY53:BC53) -> 56448 | BE53: =BD53/$B$19 -> 0.00072628458 | BF53: =BE53*$A$22 -> 0.00072628458 | BG53: =BF53*$C$33 -> 0.0036314229 | BH53: =BG53/$B$22 -> 0.00036314229 | BI53: 0.00724566 | BJ53: =BH53-BI53 -> -0.0068825177 | BK53: =BJ53/BH53 -> -18.952675
H54: 4xL4 | R54: =BH38 -> 0.00050256299 | T54: H3,H3,H3,RS,!H3 | U54: =$B$3+$B$6 -> 3 | V54: =$C$3+$C$6 -> 1 | W54: =$D$3+$D$6 -> 0 | X54: =$E$14 -> 3 | Y54: =$F$18-$F$14-$F$3-$F$6 -> 42 | Z54: =PRODUCT(U54:Y54) -> 0 | AA54: =Z54/$B$19 -> 0 | AB54: =AA54*$A$22 -> 0 | AC54: =AB54*$C$27 -> 0 | AD54: =AC54/$B$22 -> 0 | AE54: 0 | AF54: =AD54-AE54 -> 0 | AG54: 0 | AI54: L2,L2,L2,RS,!L2 | AJ54: =$B$3+$B$9 -> 7 | AK54: =$C$3+$C$9 -> 3 | AL54: =$D$3+$D$9 -> 2 | AM54: =$E$14 -> 3 | AN54: =$F$18-$F$3-$F$9-$F$14 -> 42 | AO54: =PRODUCT(AJ54:AN54) -> 5292 | AP54: =AO54/$B$19 -> 6.808918e-05 | AQ54: =AP54*$A$22 -> 6.808918e-05 | AR54: =AQ54*$C$30 -> 0.0003404459 | AS54: =AR54/$B$22 -> 3.404459e-05 | AT54: 0.000684405 | AU54: =AS54-AT54 -> -0.00065036041 | AV54: =AU54/AS54 -> -19.103194 | AX54: L5,L5,L5,RS,!L5 | AY54: =$B$3+$B$12 -> 2 | AZ54: =$C$3+$C$12 -> 7 | BA54: =$D$3+$D$12 -> 0 | BB54: =$E$14 -> 3 | BC54: =$F$18-$F$3-$F$12-$F$14 -> 42 | BD54: =PRODUCT(AY54:BC54) -> 0 | BE54: =BD54/$B$19 -> 0 | BF54: =BE54*$A$22 -> 0 | BG54: =BF54*$C$33 -> 0 | BH54: =BG54/$B$22 -> 0 | BI54: 0 | BJ54: =BH54-BI54 -> 0 | BK54: 0
A55: Prize | B55: Weight | C55: Prob | H55: 3xL4 | R55: =BH42 -> 0.00017786561 | T55: H3,RS,RS,H3,!H3 | U55: =$B$3+$B$6 -> 3 | V55: =$C$14 -> 3 | W55: =$D$14 -> 3 | X55: =$E$3+$E$6 -> 28 | Y55: =$F$18-$F$14-$F$3-$F$6 -> 42 | Z55: =PRODUCT(U55:Y55) -> 31752 | AA55: =Z55/$B$19 -> 0.00040853508 | AB55: =AA55*$A$22 -> 0.00040853508 | AC55: =AB55*$C$27 -> 0.0049024209 | AD55: =AC55/$B$22 -> 0.00049024209 | AE55: 0.009802704 | AF55: =AD55-AE55 -> -0.0093124619 | AG55: =AF55/AD55 -> -18.995639 | AI55: L2,RS,RS,L2,!L2 | AJ55: =$B$3+$B$9 -> 7 | AK55: =$C$14 -> 3 | AL55: =$D$14 -> 3 | AM55: =$E$3+$E$9 -> 28 | AN55: =$F$18-$F$3-$F$9-$F$14 -> 42 | AO55: =PRODUCT(AJ55:AN55) -> 74088 | AP55: =AO55/$B$19 -> 0.00095324852 | AQ55: =AP55*$A$22 -> 0.00095324852 | AR55: =AQ55*$C$30 -> 0.0047662426 | AS55: =AR55/$B$22 -> 0.00047662426 | AT55: 0.009529245 | AU55: =AS55-AT55 -> -0.0090526207 | AV55: =AU55/AS55 -> -18.993202 | AX55: L5,RS,RS,L5,!L5 | AY55: =$B$3+$B$12 -> 2 | AZ55: =$C$14 -> 3 | BA55: =$D$14 -> 3 | BB55: =$E$3+$E$12 -> 32 | BC55: =$F$18-$F$3-$F$12-$F$14 -> 42 | BD55: =PRODUCT(AY55:BC55) -> 24192 | BE55: =BD55/$B$19 -> 0.00031126482 | BF55: =BE55*$A$22 -> 0.00031126482 | BG55: =BF55*$C$33 -> 0.0015563241 | BH55: =BG55/$B$22 -> 0.00015563241 | BI55: 0.00310965 | BJ55: =BH55-BI55 -> -0.0029540176 | BK55: =BJ55/BH55 -> -18.980735
A56: 0.2 | B56: 75000 | C56: =B56/$B$63 -> 0.75 | H56: 5xL5 | R56: =BH51 -> 0.0053336524 | T56: H3,RS,H3,RS,!H3 | U56: =$B$3+$B$6 -> 3 | V56: =$C$14 -> 3 | W56: =$D$3+$D$6 -> 0 | X56: =$E$14 -> 3 | Y56: =$F$18-$F$14-$F$3-$F$6 -> 42 | Z56: =PRODUCT(U56:Y56) -> 0 | AA56: =Z56/$B$19 -> 0 | AB56: =AA56*$A$22 -> 0 | AC56: =AB56*$C$27 -> 0 | AD56: =AC56/$B$22 -> 0 | AE56: 0 | AF56: =AD56-AE56 -> 0 | AG56: 0 | AI56: L2,RS,L2,RS,!L2 | AJ56: =$B$3+$B$9 -> 7 | AK56: =$C$14 -> 3 | AL56: =$D$3+$D$9 -> 2 | AM56: =$E$14 -> 3 | AN56: =$F$18-$F$3-$F$9-$F$14 -> 42 | AO56: =PRODUCT(AJ56:AN56) -> 5292 | AP56: =AO56/$B$19 -> 6.808918e-05 | AQ56: =AP56*$A$22 -> 6.808918e-05 | AR56: =AQ56*$C$30 -> 0.0003404459 | AS56: =AR56/$B$22 -> 3.404459e-05 | AT56: 0.00068549 | AU56: =AS56-AT56 -> -0.00065144541 | AV56: =AU56/AS56 -> -19.135064 | AX56: L5,RS,L5,RS,!L5 | AY56: =$B$3+$B$12 -> 2 | AZ56: =$C$14 -> 3 | BA56: =$D$3+$D$12 -> 0 | BB56: =$E$14 -> 3 | BC56: =$F$18-$F$3-$F$12-$F$14 -> 42 | BD56: =PRODUCT(AY56:BC56) -> 0 | BE56: =BD56/$B$19 -> 0 | BF56: =BE56*$A$22 -> 0 | BG56: =BF56*$C$33 -> 0 | BH56: =BG56/$B$22 -> 0 | BI56: 0 | BJ56: =BH56-BI56 -> 0 | BK56: 0
A57: 0.5 | B57: 3000 | C57: =B57/$B$63 -> 0.03 | H57: 4xL5 | R57: =BH59 -> 0.00056740983 | T57: H3,H3,RS,RS,!H3 | U57: =$B$3+$B$6 -> 3 | V57: =$C$3+$C$6 -> 1 | W57: =$D$14 -> 3 | X57: =$E$14 -> 3 | Y57: =$F$18-$F$14-$F$3-$F$6 -> 42 | Z57: =PRODUCT(U57:Y57) -> 1134 | AA57: =Z57/$B$19 -> 1.4590539e-05 | AB57: =AA57*$A$22 -> 1.4590539e-05 | AC57: =AB57*$C$27 -> 0.00017508646 | AD57: =AC57/$B$22 -> 1.7508646e-05 | AE57: 0.000350316 | AF57: =AD57-AE57 -> -0.00033280735 | AG57: =AF57/AD57 -> -19.008172 | AI57: L2,L2,RS,RS,!L2 | AJ57: =$B$3+$B$9 -> 7 | AK57: =$C$3+$C$9 -> 3 | AL57: =$D$14 -> 3 | AM57: =$E$14 -> 3 | AN57: =$F$18-$F$3-$F$9-$F$14 -> 42 | AO57: =PRODUCT(AJ57:AN57) -> 7938 | AP57: =AO57/$B$19 -> 0.00010213377 | AQ57: =AP57*$A$22 -> 0.00010213377 | AR57: =AQ57*$C$30 -> 0.00051066885 | AS57: =AR57/$B$22 -> 5.1066885e-05 | AT57: 0.00102544 | AU57: =AS57-AT57 -> -0.00097437312 | AV57: =AU57/AS57 -> -19.080332 | AX57: L5,L5,RS,RS,!L5 | AY57: =$B$3+$B$12 -> 2 | AZ57: =$C$3+$C$12 -> 7 | BA57: =$D$14 -> 3 | BB57: =$E$14 -> 3 | BC57: =$F$18-$F$3-$F$12-$F$14 -> 42 | BD57: =PRODUCT(AY57:BC57) -> 5292 | BE57: =BD57/$B$19 -> 6.808918e-05 | BF57: =BE57*$A$22 -> 6.808918e-05 | BG57: =BF57*$C$33 -> 0.0003404459 | BH57: =BG57/$B$22 -> 3.404459e-05 | BI57: 0.000681175 | BJ57: =BH57-BI57 -> -0.00064713041 | BK57: =BJ57/BH57 -> -19.008319
A58: 0.8 | B58: 3000 | C58: =B58/$B$63 -> 0.03 | H58: 3xL5 | R58: =BH63 -> 0.00014822134 | T58: H3,RS,RS,RS,!H3 | U58: =$B$3+$B$6 -> 3 | V58: =$C$14 -> 3 | W58: =$D$14 -> 3 | X58: =$E$14 -> 3 | Y58: =$F$18-$F$14-$F$3-$F$6 -> 42 | Z58: =PRODUCT(U58:Y58) -> 3402 | AA58: =Z58/$B$19 -> 4.3771616e-05 | AB58: =AA58*$A$22 -> 4.3771616e-05 | AC58: =AB58*$C$27 -> 0.00052525939 | AD58: =AC58/$B$22 -> 5.2525939e-05 | AE58: 0.001051872 | AF58: =AD58-AE58 -> -0.00099934606 | AG58: =AF58/AD58 -> -19.025763 | AI58: L2,RS,RS,RS,!L2 | AJ58: =$B$3+$B$9 -> 7 | AK58: =$C$14 -> 3 | AL58: =$D$14 -> 3 | AM58: =$E$14 -> 3 | AN58: =$F$18-$F$3-$F$9-$F$14 -> 42 | AO58: =PRODUCT(AJ58:AN58) -> 7938 | AP58: =AO58/$B$19 -> 0.00010213377 | AQ58: =AP58*$A$22 -> 0.00010213377 | AR58: =AQ58*$C$30 -> 0.00051066885 | AS58: =AR58/$B$22 -> 5.1066885e-05 | AT58: 0.001025195 | AU58: =AS58-AT58 -> -0.00097412812 | AV58: =AU58/AS58 -> -19.075534 | AX58: L5,RS,RS,RS,!L5 | AY58: =$B$3+$B$12 -> 2 | AZ58: =$C$14 -> 3 | BA58: =$D$14 -> 3 | BB58: =$E$14 -> 3 | BC58: =$F$18-$F$3-$F$12-$F$14 -> 42 | BD58: =PRODUCT(AY58:BC58) -> 2268 | BE58: =BD58/$B$19 -> 2.9181077e-05 | BF58: =BE58*$A$22 -> 2.9181077e-05 | BG58: =BF58*$C$33 -> 0.00014590539 | BH58: =BG58/$B$22 -> 1.4590539e-05 | BI58: 0.00029063 | BJ58: =BH58-BI58 -> -0.00027603946 | BK58: =BJ58/BH58 -> -18.919073
A59: 1 | B59: 3000 | C59: =B59/$B$63 -> 0.03 | R59: =SUM(R32:R58) -> 0.11015146 | U59: =$B$3+$B$6 -> 3 | AD59: =SUM(AD52:AD58) -> 0.00072369071 | AE59: =SUM(AE52:AE58) -> 0.014474424 | AF59: =SUM(AF52:AF58) -> -0.013750733 | AG59: =SUM(AG52:AG58) -> -76.037231 | AS59: =SUM(AS52:AS58) -> 0.001441221 | AT59: =SUM(AT52:AT58) -> 0.028841315 | AU59: =SUM(AU52:AU58) -> -0.027400094 | AV59: =SUM(AV52:AV58) -> -133.39969 | BH59: =SUM(BH52:BH58) -> 0.00056740983 | BI59: =SUM(BI52:BI58) -> 0.011327115 | BJ59: =SUM(BJ52:BJ58) -> -0.010759705 | BK59: =SUM(BK52:BK58) -> -75.860801
A60: 1.2 | B60: 3000 | C60: =B60/$B$63 -> 0.03 | T60: H3,RS,H3,!H3!RS,Any | U60: =$B$3+$B$6 -> 3 | V60: =$C$14 -> 3 | W60: =$D$3+$D$6 -> 0 | X60: =$E$18-$E$3-$E$6-$E$14 -> 24 | Y60: =$F$18 -> 48 | Z60: =PRODUCT(U60:Y60) -> 0 | AA60: =Z60/$B$19 -> 0 | AB60: =AA60*$A$22 -> 0 | AC60: =AB60*$D$27 -> 0 | AD60: =AC60/$B$22 -> 0 | AE60: 0 | AF60: =AD60-AE60 -> 0 | AG60: 0 | AI60: L2,RS,L2,!L2!RS,Any | AJ60: =$B$3+$B$9 -> 7 | AK60: =$C$14 -> 3 | AL60: =$D$3+$D$9 -> 2 | AM60: =$E$18-$E$3-$E$9-$E$14 -> 24 | AN60: =$F$18 -> 48 | AO60: =PRODUCT(AJ60:AN60) -> 48384 | AP60: =AO60/$B$19 -> 0.00062252964 | AQ60: =AP60*$A$22 -> 0.00062252964 | AR60: =AQ60*$D$30 -> 0.0012450593 | AS60: =AR60/$B$22 -> 0.00012450593 | AT60: 0.002489984 | AU60: =AS60-AT60 -> -0.0023654781 | AV60: =AU60/AS60 -> -18.998919 | AX60: L5,RS,L5,!L5!RS,Any | AY60: =$B$3+$B$12 -> 2 | AZ60: =$C$14 -> 3 | BA60: =$D$3+$D$12 -> 0 | BB60: =$E$18-$E$3-$E$12-$E$14 -> 20 | BC60: =$F$18 -> 48 | BD60: =PRODUCT(AY60:BC60) -> 0 | BE60: =BD60/$B$19 -> 0 | BF60: =BE60*$A$22 -> 0 | BG60: =BF60*$D$33 -> 0 | BH60: =BG60/$B$22 -> 0 | BI60: 0 | BJ60: =BH60-BI60 -> 0 | BK60: 0
A61: 1.5 | B61: 3000 | C61: =B61/$B$63 -> 0.03 | H61: RS Instant Win | J61: Prob | K61: Prob 2 | L61: Rtp | T61: H3,H3,RS,!H3!RS,Any | U61: =$B$3+$B$6 -> 3 | V61: =$C$3+$C$6 -> 1 | W61: =$D$14 -> 3 | X61: =$E$18-$E$3-$E$6-$E$14 -> 24 | Y61: =$F$18 -> 48 | Z61: =PRODUCT(U61:Y61) -> 10368 | AA61: =Z61/$B$19 -> 0.00013339921 | AB61: =AA61*$A$22 -> 0.00013339921 | AC61: =AB61*$D$27 -> 0.00026679842 | AD61: =AC61/$B$22 -> 2.6679842e-05 | AE61: 0.000532796 | AF61: =AD61-AE61 -> -0.00050611616 | AG61: =AF61/AD61 -> -18.969983 | AI61: L2,L2,RS,!L2!RS,Any | AJ61: =$B$3+$B$9 -> 7 | AK61: =$C$3+$C$9 -> 3 | AL61: =$D$14 -> 3 | AM61: =$E$18-$E$3-$E$9-$E$14 -> 24 | AN61: =$F$18 -> 48 | AO61: =PRODUCT(AJ61:AN61) -> 72576 | AP61: =AO61/$B$19 -> 0.00093379447 | AQ61: =AP61*$A$22 -> 0.00093379447 | AR61: =AQ61*$D$30 -> 0.0018675889 | AS61: =AR61/$B$22 -> 0.00018675889 | AT61: 0.00373554 | AU61: =AS61-AT61 -> -0.0035487811 | AV61: =AU61/AS61 -> -19.001939 | AX61: L5,L5,RS,!L5!RS,Any | AY61: =$B$3+$B$12 -> 2 | AZ61: =$C$3+$C$12 -> 7 | BA61: =$D$14 -> 3 | BB61: =$E$18-$E$3-$E$12-$E$14 -> 20 | BC61: =$F$18 -> 48 | BD61: =PRODUCT(AY61:BC61) -> 40320 | BE61: =BD61/$B$19 -> 0.0005187747 | BF61: =BE61*$A$22 -> 0.0005187747 | BG61: =BF61*$D$33 -> 0.0010375494 | BH61: =BG61/$B$22 -> 0.00010375494 | BI61: 0.002076012 | BJ61: =BH61-BI61 -> -0.0019722571 | BK61: =BJ61/BH61 -> -19.008801
A62: 2 | B62: 10000 | C62: =B62/$B$63 -> 0.1 | H62: R1 | J62: =$C$14*3/C18 -> 0.225 | K62: 0.2 | L62: =J62*K62*$A$47 -> 0.09 | T62: H3,RS,RS,!H3!RS,Any | U62: =$B$3+$B$6 -> 3 | V62: =$C$14 -> 3 | W62: =$D$14 -> 3 | X62: =$E$18-$E$3-$E$6-$E$14 -> 24 | Y62: =$F$18 -> 48 | Z62: =PRODUCT(U62:Y62) -> 31104 | AA62: =Z62/$B$19 -> 0.00040019763 | AB62: =AA62*$A$22 -> 0.00040019763 | AC62: =AB62*$D$27 -> 0.00080039526 | AD62: =AC62/$B$22 -> 8.0039526e-05 | AE62: 0.001603678 | AF62: =AD62-AE62 -> -0.0015236385 | AG62: =AF62/AD62 -> -19.036076 | AI62: L2,RS,RS,!L2!RS,Any | AJ62: =$B$3+$B$9 -> 7 | AK62: =$C$14 -> 3 | AL62: =$D$14 -> 3 | AM62: =$E$18-$E$3-$E$9-$E$14 -> 24 | AN62: =$F$18 -> 48 | AO62: =PRODUCT(AJ62:AN62) -> 72576 | AP62: =AO62/$B$19 -> 0.00093379447 | AQ62: =AP62*$A$22 -> 0.00093379447 | AR62: =AQ62*$D$30 -> 0.0018675889 | AS62: =AR62/$B$22 -> 0.00018675889 | AT62: 0.003730014 | AU62: =AS62-AT62 -> -0.0035432551 | AV62: =AU62/AS62 -> -18.97235 | AX62: L5,RS,RS,!L5!RS,Any | AY62: =$B$3+$B$12 -> 2 | AZ62: =$C$14 -> 3 | BA62: =$D$14 -> 3 | BB62: =$E$18-$E$3-$E$12-$E$14 -> 20 | BC62: =$F$18 -> 48 | BD62: =PRODUCT(AY62:BC62) -> 17280 | BE62: =BD62/$B$19 -> 0.00022233202 | BF62: =BE62*$A$22 -> 0.00022233202 | BG62: =BF62*$D$33 -> 0.00044466403 | BH62: =BG62/$B$22 -> 4.4466403e-05 | BI62: 0.000888718 | BJ62: =BH62-BI62 -> -0.0008442516 | BK62: =BJ62/BH62 -> -18.98628
B63: =SUM(B56:B62) -> 100000 | C63: =SUM(C56:C62) -> 1 | H63: R2 | J63: =D14*3/D18 -> 0.39130435 | K63: 0.2 | L63: =J63*K63*$A$47 -> 0.15652174 | AD63: =SUM(AD60:AD62) -> 0.00010671937 | AE63: =SUM(AE60:AE62) -> 0.002136474 | AF63: =SUM(AF60:AF62) -> -0.0020297546 | AG63: =SUM(AG60:AG62) -> -38.006059 | AS63: =SUM(AS60:AS62) -> 0.00049802372 | AT63: =SUM(AT60:AT62) -> 0.009955538 | AU63: =SUM(AU60:AU62) -> -0.0094575143 | AV63: =SUM(AV60:AV62) -> -56.973208 | BH63: =SUM(BH60:BH62) -> 0.00014822134 | BI63: =SUM(BI60:BI62) -> 0.00296473 | BJ63: =SUM(BJ60:BJ62) -> -0.0028165087 | BK63: =SUM(BK60:BK62) -> -37.995082
H64: R3 | J64: =$E$14*3/E18 -> 0.16363636 | K64: 0.2 | L64: =J64*K64*$A$47 -> 0.065454545
A65: =SUMPRODUCT(A56:A62,C56:C62) -> 0.5 | H65: Total | L65: =SUM(L62:L64) -> 0.31197628

Sheet Step-7-2
A1: Symbol Set Population | B1: Symbol Set Population | C1: Symbol Set Population | D1: Symbol Set Population | E1: Symbol Set Population | F1: Symbol Set Population | H1: Prize SC | I1: R1 | J1: R2 | K1: R3 | L1: R4 | M1: R5 | N1: HITS | O1: Hit Rate | P1: Total Hit Rate | Q1: RTP(%) | R1: RTP(%) 1c
A2: Symbol | B2: BaseRS11R0 | C2: BaseRS11R1 | D2: BaseRS11R2 | E2: BaseRS11R3 | F2: BaseRS11R4 | H2: SC.SC,SC | I2: =$B$18 -> 32 | J2: =$C$13*3 -> 12 | K2: =$D$13*3 -> 0 | L2: =$E$13*3 -> 12 | M2: =$F$18 -> 48 | N2: =PRODUCT(I2:M2) -> 0 | O2: =N2/$B$19 -> 0 | P2: =O2 -> 0 | Q2: =P2*C3 -> 0 | R2: =Q2 -> 0
A3: WD | B3: 0 | C3: 1 | D3: 0 | E3: 28 | F3: 0
A4: H1 | B4: 2 | C4: 0 | D4: 6 | E4: 4 | F4: 3 | H4: Prize SC+RS | I4: R1 | J4: R2 | K4: R3 | L4: R4 | M4: R5 | N4: HITS | O4: Hit Rate | P4: Total Hit Rate | Q4: RTP(%) | R4: RTP(%) 1c | S4: Convert Rate | T4: RTP(%) 1c
A5: H2 | B5: 3 | C5: 0 | D5: 4 | E5: 4 | F5: 4 | H5: RS,RS,RS | I5: =$B$18 -> 32 | J5: =$C$14*3 -> 9 | K5: =$D$14*3 -> 9 | L5: =$E$14*3 -> 9 | M5: =$F$18 -> 48 | N5: =PRODUCT(I5:M5) -> 1119744 | O5: =N5/$B$19 -> 0.014407115 | P5: =O5 -> 0.014407115 | Q5: =P5*$D$34 -> 0.014407115 | R5: =Q5 -> 0.014407115 | S5: 0.75 | T5: =R5*S5 -> 0.010805336 | U5: 0.010875 | V5: =T5-U5 -> -6.9664032e-05 | W5: =V5/T5 -> -0.0064471879
A6: H3 | B6: 3 | C6: 0 | D6: 0 | E6: 0 | F6: 6 | H6: RS,RS,SC | I6: =$B$18 -> 32 | J6: =$C$14*3 -> 9 | K6: =$D$14*3 -> 9 | L6: =$E$13*3 -> 12 | M6: =$F$18 -> 48 | N6: =PRODUCT(I6:M6) -> 1492992 | O6: =N6/$B$19 -> 0.019209486 | P6: =O6 -> 0.019209486 | Q6: =P6*$D$34 -> 0.019209486 | R6: =Q6 -> 0.019209486 | S6: 0.75 | T6: =R6*S6 -> 0.014407115 | U6: 0.0143979 | V6: =T6-U6 -> 9.2146245e-06 | W6: =V6/T6 -> 0.00063958848
A7: H4 | B7: 2 | C7: 8 | D7: 2 | E7: 0 | F7: 6 | H7: SC,RS,RS | I7: =$B$18 -> 32 | J7: =$C$13*3 -> 12 | K7: =$D$14*3 -> 9 | L7: =$E$14*3 -> 9 | M7: =$F$18 -> 48 | N7: =PRODUCT(I7:M7) -> 1492992 | O7: =N7/$B$19 -> 0.019209486 | P7: =O7 -> 0.019209486 | Q7: =P7*$D$34 -> 0.019209486 | R7: =Q7 -> 0.019209486 | S7: 0.75 | T7: =R7*S7 -> 0.014407115 | U7: 0.0143822 | V7: =T7-U7 -> 2.4914625e-05 | W7: =V7/T7 -> 0.0017293278
A8: L1 | B8: 4 | C8: 8 | D8: 4 | E8: 6 | F8: 5 | H8: SC,RS,SC | I8: =$B$18 -> 32 | J8: =$C$13*3 -> 12 | K8: =$D$14*3 -> 9 | L8: =$E$13*3 -> 12 | M8: =$F$18 -> 48 | N8: =PRODUCT(I8:M8) -> 1990656 | O8: =N8/$B$19 -> 0.025612648 | P8: =O8 -> 0.025612648 | Q8: =P8*$D$34 -> 0.025612648 | R8: =Q8 -> 0.025612648 | S8: 0.75 | T8: =R8*S8 -> 0.019209486 | U8: 0.0191952 | V8: =T8-U8 -> 1.4286166e-05 | W8: =V8/T8 -> 0.0007437037
A9: L2 | B9: 7 | C9: 2 | D9: 2 | E9: 0 | F9: 6 | R9: =SUM(R5:R8) -> 0.078438735 | T9: =SUM(T5:T8) -> 0.058829051
A10: L3 | B10: 7 | C10: 2 | D10: 2 | E10: 2 | F10: 6
A11: L4 | B11: 2 | C11: 6 | D11: 0 | E11: 0 | F11: 6
A12: L5 | B12: 2 | C12: 6 | D12: 0 | E12: 4 | F12: 6 | H12: Prize | T12: RTP | U12: Convert Rate
A13: SC | B13: 0 | C13: 4 | D13: 0 | E13: 4 | F13: 0 | H13: Line Win | T13: ='Step-7'!$R$29 -> 0.0071852767 | U13: 1 | V13: =T13*U13 -> 0.0071852767
A14: RS | B14: 0 | C14: 3 | D14: 3 | E14: 3 | F14: 0 | H14: Line Win (RS) | T14: ='Step-7'!R59 -> 0.11015146 | U14: 0.75 | V14: =T14*U14 -> 0.082613598 | X14: =T9+T14 -> 0.16898052
A15: Collect | B15: 0 | C15: 0 | D15: 0 | E15: 0 | F15: 0 | H15: Scatter | T15: =R2 -> 0 | U15: 1 | V15: =T15*U15 -> 0
A16: Coin | B16: 0 | C16: 0 | D16: 0 | E16: 0 | F16: 0 | H16: Scatter (RS) | T16: =T9 -> 0.058829051 | U16: 1 | V16: =T16*U16 -> 0.058829051 | X16: =SUM(T13:T16) -> 0.17616579
A17: Res1 | B17: 0 | C17: 0 | D17: 0 | E17: 0 | F17: 0 | H17: Instant Win (RS) | T17: ='Step-7'!L65 -> 0.31197628 | U17: 1 | V17: =T17*U17 -> 0.31197628
A18: Total | B18: =SUM(B3:B17) -> 32 | C18: =SUM(C3:C17) -> 40 | D18: =SUM(D3:D17) -> 23 | E18: =SUM(E3:E17) -> 55 | F18: =SUM(F3:F17) -> 48 | H18: Total | T18: =SUM(T13:T17) -> 0.48814208 | V18: =T13+V14+T15+T16+T17 -> 0.46060421 | X18: =T17+T13+T15 -> 0.31916156
A19: Total Cycles | B19: =PRODUCT(B18:F18) -> 77721600
A21: Total Lines | B21: Wage
A22: 20 | B22: 10
A24: Symbol | B24: 5 OAK | C24: 4 OAK | D24: 3 OAK
A25: H1 | B25: 75 | C25: 25 | D25: 2
A26: H2 | B26: 50 | C26: 12 | D26: 2
A27: H3 | B27: 50 | C27: 12 | D27: 2
A28: H4 | B28: 50 | C28: 12 | D28: 2
A29: L1 | B29: 40 | C29: 7 | D29: 2
A30: L2 | B30: 25 | C30: 5 | D30: 2
A31: L3 | B31: 25 | C31: 5 | D31: 2
A32: L4 | B32: 25 | C32: 5 | D32: 2
A33: L5 | B33: 25 | C33: 5 | D33: 2
A34: SC | B34: 50 | C34: 5 | D34: 1
A37: Jackpot
A38: Name | B38: Prize
A39: MEGA | B39: 1250
A40: MAJOR | B40: 125
A41: MINOR | B41: 25
A42: MAXI | B42: 10
A43: MINI | B43: 5
A46: Averge Total Coin Prizes
A47: 2
A49: Number Coins | C49: 2 | D49: 3 | E49: 4 | F49: 5
A50: Weights | C50: 1 | D50: 1 | E50: 1 | F50: 3 | G50: =SUM(C50:F50) -> 6
A51: Probs | C51: =C50/$G$50 -> 0.16666667 | D51: =D50/$G$50 -> 0.16666667 | E51: =E50/$G$50 -> 0.16666667 | F51: =F50/$G$50 -> 0.5
A52: Average Coins | C52: =SUMPRODUCT(C49:F49,C51:F51) -> 4
A53: Average Coins | B53: oin Prize | C53: =$A$47/$C$52 -> 0.5
A55: Prize | B55: Weight | C55: Prob
A56: 0.2 | B56: 75000 | C56: =B56/$B$63 -> 0.75
A57: 0.5 | B57: 3000 | C57: =B57/$B$63 -> 0.03
A58: 0.8 | B58: 3000 | C58: =B58/$B$63 -> 0.03
A59: 1 | B59: 3000 | C59: =B59/$B$63 -> 0.03
A60: 1.2 | B60: 3000 | C60: =B60/$B$63 -> 0.03
A61: 1.5 | B61: 3000 | C61: =B61/$B$63 -> 0.03
A62: 2 | B62: 10000 | C62: =B62/$B$63 -> 0.1
B63: =SUM(B56:B62) -> 100000 | C63: =SUM(C56:C62) -> 1
A65: =SUMPRODUCT(A56:A62,C56:C62) -> 0.5

Sheet Step-9-AllRSNotWilds
A1: Symbol Set Population | B1: Symbol Set Population | C1: Symbol Set Population | D1: Symbol Set Population | E1: Symbol Set Population | F1: Symbol Set Population | H1: Prize | I1: R1 | J1: R2 | K1: R3 | L1: R4 | M1: R5 | N1: HITS | O1: HITS Adj | P1: Hit Rate | Q1: Total Hit Rate | R1: RTP(%) | S1: RTP(%) 1c | U1: Prize | V1: R1 | W1: R2 | X1: R3 | Y1: R4 | Z1: R5 | AA1: HITS | AB1: Hit Rate | AC1: RTP(%) | AD1: RTP(%) 1c | AF1: RS to wild Prob | AG1: Hit | AH1: Miss
A2: Symbol | B2: BaseRS11R0 | C2: BaseRS11R1 | D2: BaseRS11R2 | E2: BaseRS11R3 | F2: BaseRS11R4 | H2: 5xWD | I2: =$B$3 -> 2 | J2: =$C$3 -> 2 | K2: =$D$3 -> 2 | L2: =$E$3 -> 2 | M2: =$F$3 -> 2 | N2: =PRODUCT(I2:M2) -> 32 | P2: =N2/$B$19 -> 3.0509776e-07 | Q2: =P2*$A$22 -> 6.1019551e-06 | R2: =Q2*INDEX(Paytable,1,1) -> 0.0018305865 | S2: =R2/$B$22 -> 0.00018305865 | U2: 5xSC | V2: =B13*3 -> 3 | W2: =C13*3 -> 3 | X2: =D13*3 -> 3 | Y2: =E13*3 -> 3 | Z2: =F13*3 -> 3 | AA2: =PRODUCT(V2:Z2) -> 243 | AB2: =AA2/$B$19 -> 2.3168361e-06 | AC2: =AB2*$B$35 -> 0.0001158418 | AD2: =AC2/$B$22 -> 1.158418e-05 | AG2: 0.8 | AH2: 0.2
A3: WD | B3: 2 | C3: 2 | D3: 2 | E3: 2 | F3: 2 | H3: 4xWD | I3: =$I$2 -> 2 | J3: =$C$3 -> 2 | K3: =$D$3 -> 2 | L3: =$E$3 -> 2 | M3: =$F$13+$F$14 -> 2 | N3: =PRODUCT(I3:M3) -> 32 | P3: =N3/$B$19 -> 3.0509776e-07 | Q3: =P3*$A$22 -> 6.1019551e-06 | R3: =Q3*INDEX(Paytable,1,2) -> 0.00015254888 | S3: =R3/$B$22 -> 1.5254888e-05
A4: H1 | B4: 2 | C4: 1 | D4: 6 | E4: 4 | F4: 3 | H4: 3xWD | I4: =$I$2 -> 2 | J4: =$J$2 -> 2 | K4: =$D$3 -> 2 | L4: =$E$13+$E$14 -> 2 | M4: {=INDEX(Total,,6)} -> 52 | N4: =PRODUCT(I4:M4) -> 832 | P4: =N4/$B$19 -> 7.9325417e-06 | Q4: =P4*$A$22 -> 0.00015865083 | R4: =Q4*INDEX(Paytable,1,3) -> 0.00063460333 | S4: =R4/$B$22 -> 6.3460333e-05 | U4: SC,SC,SC,SC,* | V4: =$B$13*NumRows -> 3 | W4: =$C$13*NumRows -> 3 | X4: =$D$13*NumRows -> 3 | Y4: =$E$13*NumRows -> 3 | Z4: =$F$18-$F$13*NumRows -> 49 | AA4: =PRODUCT(V4:Z4) -> 3969 | AB4: =AA4/$B$19 -> 3.7841656e-05 | AC4: =AB4*$C$35 -> 0.00018920828 | AD4: =AC4/$B$22 -> 1.8920828e-05 | AF4: RS to WD cases | AG4: Prob | AH4: Weights
A5: H2 | B5: 3 | C5: 2 | D5: 4 | E5: 4 | F5: 4 | H5: 5xH1 | I5: =$B$3+$B$4 -> 4 | J5: =$C$3+$C$4 -> 3 | K5: =$D$3+$D$4 -> 8 | L5: =$E$3+$E$4 -> 6 | M5: =$F$3+$F$4 -> 5 | N5: =PRODUCT(I5:M5) -> 2880 | O5: =N5-N6 -> 2848 | P5: =O5/$B$19 -> 2.71537e-05 | Q5: =P5*$A$22 -> 0.00054307401 | R5: =Q5*INDEX(Paytable,2,1) -> 0.04073055 | S5: =R5/$B$22 -> 0.004073055 | U5: SC,SC,SC,*,SC | V5: =$B$13*NumRows -> 3 | W5: =$C$13*NumRows -> 3 | X5: =$D$13*NumRows -> 3 | Y5: =$E$18-$E$13*NumRows -> 43 | Z5: =$F$13*NumRows -> 3 | AA5: =PRODUCT(V5:Z5) -> 3483 | AB5: =AA5/$B$19 -> 3.3207984e-05 | AC5: =AB5*$C$35 -> 0.00016603992 | AD5: =AC5/$B$22 -> 1.6603992e-05 | AF5: W,W,W,W,W | AG5: =POWER(AG2, 5) -> 0.32768 | AH5: =AG5*1000000 -> 327680
A6: H3 | B6: 3 | C6: 3 | D6: 5 | E6: 3 | F6: 6 | H6: 5xWD | I6: =$B$3 -> 2 | J6: =$C$3 -> 2 | K6: =$D$3 -> 2 | L6: =$E$3 -> 2 | M6: =$F$3 -> 2 | N6: =PRODUCT(I6:M6) -> 32 | U6: SC,SC,*,SC,SC | V6: =$B$13*NumRows -> 3 | W6: =$C$13*NumRows -> 3 | X6: =$D$18-$D$13*NumRows -> 26 | Y6: =$E$13*NumRows -> 3 | Z6: =$F$13*NumRows -> 3 | AA6: =PRODUCT(V6:Z6) -> 2106 | AB6: =AA6/$B$19 -> 2.0079246e-05 | AC6: =AB6*$C$35 -> 0.00010039623 | AD6: =AC6/$B$22 -> 1.0039623e-05
A7: H4 | B7: 2 | C7: 8 | D7: 2 | E7: 4 | F7: 6 | H7: 4xH1 | I7: =$B$3+$B$4 -> 4 | J7: =$C$3+$C$4 -> 3 | K7: =$D$3+$D$4 -> 8 | L7: =$E$3+$E$4 -> 6 | M7: =$F$18-$F$3-$F$4 -> 47 | N7: =PRODUCT(I7:M7) -> 27072 | O7: =N7-N8 -> 26320 | P7: =O7/$B$19 -> 0.0002509429 | Q7: =P7*$A$22 -> 0.0050188581 | R7: =Q7*$C$26 -> 0.12547145 | S7: =R7/$B$22 -> 0.012547145 | U7: SC,*SC,SC,SC | V7: =$B$13*NumRows -> 3 | W7: =$C$18-$C$13*NumRows -> 39 | X7: =$E$13*NumRows -> 3 | Y7: =$E$13*NumRows -> 3 | Z7: =$F$13*NumRows -> 3 | AA7: =PRODUCT(V7:Z7) -> 3159 | AB7: =AA7/$B$19 -> 3.0118869e-05 | AC7: =AB7*$C$35 -> 0.00015059435 | AD7: =AC7/$B$22 -> 1.5059435e-05 | AF7: * , W , W , W , W | AG7: =POWER($AG$2,4)*POWER($AH$2,1) -> 0.08192 | AH7: =AG7*1000000 -> 81920
A8: L1 | B8: 4 | C8: 8 | D8: 4 | E8: 6 | F8: 5 | H8: 4XH1,!H1 | I8: =$I$2 -> 2 | J8: =$C$3 -> 2 | K8: =$D$3 -> 2 | L8: =$E$3 -> 2 | M8: =$F$18-$F$3-$F$4 -> 47 | N8: =PRODUCT(I8:M8) -> 752 | U8: *,SC,SC,SC,SC | V8: =$B$18-$B$13*NumRows -> 33 | W8: =$C$13*NumRows -> 3 | X8: =$D$13*NumRows -> 3 | Y8: =$E$13*NumRows -> 3 | Z8: =$F$13*NumRows -> 3 | AA8: =PRODUCT(V8:Z8) -> 2673 | AB8: =AA8/$B$19 -> 2.5485197e-05 | AC8: =AB8*$C$35 -> 0.00012742598 | AD8: =AC8/$B$22 -> 1.2742598e-05 | AF8: W , * , W , W , W | AG8: =POWER($AG$2,4)*POWER($AH$2,1) -> 0.08192 | AH8: =AG8*1000000 -> 81920
A9: L2 | B9: 7 | C9: 2 | D9: 2 | E9: 7 | F9: 6 | H9: 3xH1 | I9: =B3+B4 -> 4 | J9: =C3+C4 -> 3 | K9: =D3+D4 -> 8 | L9: =$E$18-$E$4-$E$3 -> 40 | M9: =F18 -> 52 | N9: =PRODUCT(I9:M9) -> 199680 | O9: =N9-N10 -> 183040 | P9: =O9/B$19 -> 0.0017451592 | Q9: =P9*$A$22 -> 0.034903183 | R9: =Q9*$D$26 -> 0.13961273 | S9: =R9/$B$22 -> 0.013961273 | AB9: =SUM(AB4:AB8) -> 0.00014673295 | AC9: =AB9*$C$35 -> 0.00073366476 | AD9: =AC9/$B$22 -> 7.3366476e-05 | AF9: W , W , * , W , W | AG9: =POWER($AG$2,4)*POWER($AH$2,1) -> 0.08192 | AH9: =AG9*1000000 -> 81920
A10: L3 | B10: 7 | C10: 2 | D10: 2 | E10: 2 | F10: 6 | H10: 3xWD,!H1 | I10: =B3 -> 2 | J10: =C3 -> 2 | K10: =D3 -> 2 | L10: =$E$18-$E$4-$E$3 -> 40 | M10: =F18 -> 52 | N10: =PRODUCT(I10:M10) -> 16640 | AF10: W , W , W , * , W | AG10: =POWER($AG$2,4)*POWER($AH$2,1) -> 0.08192 | AH10: =AG10*1000000 -> 81920
A11: L4 | B11: 2 | C11: 6 | D11: 0 | E11: 8 | F11: 6 | H11: 5xH2 | I11: =B3+B5 -> 5 | J11: =C3+C5 -> 4 | K11: =D3+D5 -> 6 | L11: =E3+E5 -> 6 | M11: =F3+F5 -> 6 | N11: =PRODUCT(I11:M11) -> 4320 | O11: =N11-N12 -> 4288 | P11: =O11/$B$19 -> 4.0883099e-05 | Q11: =P11*$A$22 -> 0.00081766199 | R11: =Q11*INDEX(Paytable,3,1) -> 0.040883099 | S11: =R11/$B$22 -> 0.0040883099 | U11: SC,SC,SC,*,* | V11: =$B$13*NumRows -> 3 | W11: =$C$13*NumRows -> 3 | X11: =$D$13*NumRows -> 3 | Y11: =$E$18-$E$13*NumRows -> 43 | Z11: =$F$18-$F$13*NumRows -> 49 | AA11: =PRODUCT(V11:Z11) -> 56889 | AB11: =AA11/$B$19 -> 0.00054239707 | AC11: =AB11*$D$35 -> 0.00054239707 | AD11: =AC11/$B$22 -> 5.4239707e-05 | AF11: W , W , W , W , * | AG11: =POWER($AG$2,4)*POWER($AH$2,1) -> 0.08192 | AH11: =AG11*1000000 -> 81920
A12: L5 | B12: 2 | C12: 6 | D12: 0 | E12: 4 | F12: 6 | H12: 5xWD | I12: =B3 -> 2 | J12: =C3 -> 2 | K12: =D3 -> 2 | L12: =E3 -> 2 | M12: =F3 -> 2 | N12: =PRODUCT(I12:M12) -> 32 | U12: SC,SC,*,SC,* | V12: =$B$13*NumRows -> 3 | W12: =$C$13*NumRows -> 3 | X12: =$D$18-$D$13*NumRows -> 26 | Y12: =$E$13*NumRows -> 3 | Z12: =$F$18-$F$13*NumRows -> 49 | AA12: =PRODUCT(V12:Z12) -> 34398 | AB12: =AA12/$B$19 -> 0.00032796102 | AC12: =AB12*$D$35 -> 0.00032796102 | AD12: =AC12/$B$22 -> 3.2796102e-05
A13: SC | B13: 1 | C13: 1 | D13: 1 | E13: 1 | F13: 1 | H13: 4xH2 | I13: =B3+B5 -> 5 | J13: =C3+C5 -> 4 | K13: =D3+D5 -> 6 | L13: =E3+E5 -> 6 | M13: =$F$18-$F$3-$F$5 -> 46 | N13: =PRODUCT(I13:M13) -> 33120 | O13: =N13-N14 -> 32384 | P13: =O13/$B$19 -> 0.00030875893 | Q13: =P13*$A$22 -> 0.0061751786 | R13: =Q13*INDEX(Paytable,3,2) -> 0.074102143 | S13: =R13/$B$22 -> 0.0074102143 | U13: SC,*,SC,SC,* | V13: =$B$13*NumRows -> 3 | W13: =$C$18-$C$13*NumRows -> 39 | X13: =$E$13*NumRows -> 3 | Y13: =$E$13*NumRows -> 3 | Z13: =$F$18-$F$13*NumRows -> 49 | AA13: =PRODUCT(V13:Z13) -> 51597 | AB13: =AA13/$B$19 -> 0.00049194153 | AC13: =AB13*$D$35 -> 0.00049194153 | AD13: =AC13/$B$22 -> 4.9194153e-05 | AF13: * , * , W , W , W | AG13: =POWER($AG$2,3)*POWER($AH$2,2) -> 0.02048 | AH13: =AG13*1000000 -> 20480
A14: RS | B14: 1 | C14: 1 | D14: 1 | E14: 1 | F14: 1 | H14: 4XWD,!H2 | I14: =B3 -> 2 | J14: =C3 -> 2 | K14: =D3 -> 2 | L14: =E3 -> 2 | M14: =$F$18-$F$3-$F$5 -> 46 | N14: =PRODUCT(I14:M14) -> 736 | U14: *SC,SC,SC,SC,* | V14: =$B$18-$B$13*NumRows -> 33 | W14: =$C$13*NumRows -> 3 | X14: =$E$13*NumRows -> 3 | Y14: =$E$13*NumRows -> 3 | Z14: =$F$18-$F$13*NumRows -> 49 | AA14: =PRODUCT(V14:Z14) -> 43659 | AB14: =AA14/$B$19 -> 0.00041625822 | AC14: =AB14*$D$35 -> 0.00041625822 | AD14: =AC14/$B$22 -> 4.1625822e-05 | AF14: * , W , * , W , W | AG14: =POWER($AG$2,3)*POWER($AH$2,2) -> 0.02048 | AH14: =AG14*1000000 -> 20480
A15: Collect | B15: 0 | C15: 0 | D15: 0 | E15: 0 | F15: 0 | H15: 3xH2 | I15: =B3+B5 -> 5 | J15: =C3+C5 -> 4 | K15: =D3+D5 -> 6 | L15: =$E$18-$E$3-$E$5 -> 40 | M15: =$F$18 -> 52 | N15: =PRODUCT(I15:M15) -> 249600 | O15: =N15-N16 -> 232960 | P15: =O15/$B$19 -> 0.0022211117 | Q15: =P15*$A$22 -> 0.044422233 | R15: =Q15*INDEX(Paytable,3,3) -> 0.088844467 | S15: =R15/$B$22 -> 0.0088844467 | AF15: * , W , W , * , W | AG15: =POWER($AG$2,3)*POWER($AH$2,2) -> 0.02048 | AH15: =AG15*1000000 -> 20480
A16: Coin | B16: 0 | C16: 0 | D16: 0 | E16: 0 | F16: 0 | H16: 3xWD,!H2 | I16: =B3 -> 2 | J16: =C3 -> 2 | K16: =D3 -> 2 | L16: =$E$18-$E$3-$E$5 -> 40 | M16: =$F$18 -> 52 | N16: =PRODUCT(I16:M16) -> 16640 | U16: SC,SC,*,*,SC | V16: =$B$13*NumRows -> 3 | W16: =$C$13*NumRows -> 3 | X16: =$D$18-$D$13*NumRows -> 26 | Y16: =$E$18-$E$13*NumRows -> 43 | Z16: =$F$13*NumRows -> 3 | AA16: =PRODUCT(V16:Z16) -> 30186 | AB16: =AA16/$B$19 -> 0.00028780253 | AC16: =AB16*$D$35 -> 0.00028780253 | AD16: =AC16/$B$22 -> 2.8780253e-05 | AF16: * , W , W , W , * | AG16: =POWER($AG$2,3)*POWER($AH$2,2) -> 0.02048 | AH16: =AG16*1000000 -> 20480
A17: Res1 | B17: 0 | C17: 0 | D17: 0 | E17: 0 | F17: 0 | H17: 5xH3 | I17: =B3+B6 -> 5 | J17: =C3+C6 -> 5 | K17: =D3+D6 -> 7 | L17: =E3+E6 -> 5 | M17: =F3+F6 -> 8 | N17: =PRODUCT(I17:M17) -> 7000 | O17: =N17-N18 -> 6968 | P17: =O17/$B$19 -> 6.6435036e-05 | Q17: =P17*$A$22 -> 0.0013287007 | R17: =Q17*$B$28 -> 0.066435036 | S17: =R17/$B$22 -> 0.0066435036 | U17: SC,*,SC,*,SC | V17: =$B$13*NumRows -> 3 | W17: =$C$18-$C$13*NumRows -> 39 | X17: =$E$13*NumRows -> 3 | Y17: =$E$18-$E$13*NumRows -> 43 | Z17: =$F$13*NumRows -> 3 | AA17: =PRODUCT(V17:Z17) -> 45279 | AB17: =AA17/$B$19 -> 0.00043170379 | AC17: =AB17*$D$35 -> 0.00043170379 | AD17: =AC17/$B$22 -> 4.3170379e-05 | AF17: W , * , * , W , W | AG17: =POWER($AG$2,3)*POWER($AH$2,2) -> 0.02048 | AH17: =AG17*1000000 -> 20480
A18: Total | B18: =SUM(B3:B17) -> 36 | C18: =SUM(C3:C17) -> 42 | D18: =SUM(D3:D17) -> 29 | E18: =SUM(E3:E17) -> 46 | F18: =SUM(F3:F17) -> 52 | H18: 5xWD | I18: =B3 -> 2 | J18: =C3 -> 2 | K18: =D3 -> 2 | L18: =E3 -> 2 | M18: =F3 -> 2 | N18: =PRODUCT(I18:M18) -> 32 | U18: *,SC,SC,*,SC | V18: =$B$18-$B$13*NumRows -> 33 | W18: =$C$13*NumRows -> 3 | X18: =$E$13*NumRows -> 3 | Y18: =$E$18-$E$13*NumRows -> 43 | Z18: =$F$13*NumRows -> 3 | AA18: =PRODUCT(V18:Z18) -> 38313 | AB18: =AA18/$B$19 -> 0.00036528782 | AC18: =AB18*$D$35 -> 0.00036528782 | AD18: =AC18/$B$22 -> 3.6528782e-05 | AF18: W , * , W , * , W | AG18: =POWER($AG$2,3)*POWER($AH$2,2) -> 0.02048 | AH18: =AG18*1000000 -> 20480
A19: Total Cycles | B19: =PRODUCT(B18:F18) -> 104884416 | H19: 4xH3 | I19: =B3+B6 -> 5 | J19: =C3+C6 -> 5 | K19: =D3+D6 -> 7 | L19: =E3+E6 -> 5 | M19: =$F$18-$F$3-$F$6 -> 44 | N19: =PRODUCT(I19:M19) -> 38500 | O19: =N19-N20 -> 37796 | P19: =O19/$B$19 -> 0.00036035859 | Q19: =P19*$A$22 -> 0.0072071717 | R19: =Q19*$C$28 -> 0.086486061 | S19: =R19/$B$22 -> 0.0086486061 | AF19: W , * , W , W , * | AG19: =POWER($AG$2,3)*POWER($AH$2,2) -> 0.02048 | AH19: =AG19*1000000 -> 20480
H20: 4XH3,!H3 | I20: =B3 -> 2 | J20: =C3 -> 2 | K20: =D3 -> 2 | L20: =E3 -> 2 | M20: =$F$18-$F$3-$F$6 -> 44 | N20: =PRODUCT(I20:M20) -> 704 | U20: SC,*,*,SC,SC | V20: =$B$13*NumRows -> 3 | W20: =$C$18-$C$13*NumRows -> 39 | X20: =$D$18-$D$13*NumRows -> 26 | Y20: =$E$13*NumRows -> 3 | Z20: =$F$13*NumRows -> 3 | AA20: =PRODUCT(V20:Z20) -> 27378 | AB20: =AA20/$B$19 -> 0.0002610302 | AC20: =AB20*$D$35 -> 0.0002610302 | AD20: =AC20/$B$22 -> 2.610302e-05 | AF20: W , W , * , * , W | AG20: =POWER($AG$2,3)*POWER($AH$2,2) -> 0.02048 | AH20: =AG20*1000000 -> 20480
A21: Total Lines | B21: Wage | D21: NumRows | H21: 3xH3 | I21: =B3+B6 -> 5 | J21: =C3+C6 -> 5 | K21: =D3+D6 -> 7 | L21: =$E$18-$E$3-$E$6 -> 41 | M21: =$F$18 -> 52 | N21: =PRODUCT(I21:M21) -> 373100 | O21: =N21-N22 -> 356044 | P21: =O21/$B$19 -> 0.003394632 | Q21: =P21*$A$22 -> 0.067892641 | R21: =Q21*$D$28 -> 0.13578528 | S21: =R21/$B$22 -> 0.013578528 | U21: *,SC,*,SC,SC | V21: =$B$18-$B$13*NumRows -> 33 | W21: =$C$13*NumRows -> 3 | X21: =$D$18-$D$13*NumRows -> 26 | Y21: =$E$13*NumRows -> 3 | Z21: =$F$13*NumRows -> 3 | AA21: =PRODUCT(V21:Z21) -> 23166 | AB21: =AA21/$B$19 -> 0.00022087171 | AC21: =AB21*$D$35 -> 0.00022087171 | AD21: =AC21/$B$22 -> 2.2087171e-05 | AF21: W , W , * , W , * | AG21: =POWER($AG$2,3)*POWER($AH$2,2) -> 0.02048 | AH21: =AG21*1000000 -> 20480
A22: 20 | B22: 10 | D22: 3 | H22: 3xWD,!H3 | I22: =B3 -> 2 | J22: =C3 -> 2 | K22: =D3 -> 2 | L22: =$E$18-$E$3-$E$6 -> 41 | M22: =$F$18 -> 52 | N22: =PRODUCT(I22:M22) -> 17056 | AF22: W , W , W , * , * | AG22: =POWER($AG$2,3)*POWER($AH$2,2) -> 0.02048 | AH22: =AG22*1000000 -> 20480
H23: 5xH4 | I23: =B3+B7 -> 4 | J23: =C3+C7 -> 10 | K23: =D3+D7 -> 4 | L23: =E3+E7 -> 6 | M23: =F3+F7 -> 8 | N23: =PRODUCT(I23:M23) -> 7680 | O23: =N23-N24 -> 7648 | P23: =O23/$B$19 -> 7.2918364e-05 | Q23: =P23*$A$22 -> 0.0014583673 | R23: =Q23*$B$29 -> 0.072918364 | S23: =R23/$B$22 -> 0.0072918364 | U23: *,*,SC,SC,SC | V23: =$B$18-$B$13*NumRows -> 33 | W23: =$C$18-$C$13*NumRows -> 39 | X23: =$E$13*NumRows -> 3 | Y23: =$E$13*NumRows -> 3 | Z23: =$F$13*NumRows -> 3 | AA23: =PRODUCT(V23:Z23) -> 34749 | AB23: =AA23/$B$19 -> 0.00033130756 | AC23: =AB23*$D$35 -> 0.00033130756 | AD23: =AC23/$B$22 -> 3.3130756e-05
A24: Symbol | B24: 5 OAK | C24: 4 OAK | D24: 3 OAK | H24: 5xWD | I24: =B3 -> 2 | J24: =C3 -> 2 | K24: =D3 -> 2 | L24: =E3 -> 2 | M24: =F3 -> 2 | N24: =PRODUCT(I24:M24) -> 32 | AB24: =SUM(AB11:AB23) -> 0.0036765614 | AC24: =SUM(AC11:AC23) -> 0.0036765614 | AD24: =SUM(AD11:AD23) -> 0.00036765614 | AF24: * , * , * , W , W | AG24: =POWER($AG$2,2)*POWER($AH$2,3) -> 0.00512 | AH24: =AG24*1000000 -> 5120
A25: WD | B25: 300 | C25: 25 | D25: 4 | H25: 4xH4 | I25: =$B$3+$B$7 -> 4 | J25: =$C$3+$C$7 -> 10 | K25: =$D$3+$D$7 -> 4 | L25: =$E$3+$E$7 -> 6 | M25: =$F$18-$F$3-$F$7 -> 44 | N25: =PRODUCT(I25:M25) -> 42240 | O25: =N25-N26 -> 41536 | P25: =O25/$B$19 -> 0.00039601689 | Q25: =P25*$A$22 -> 0.0079203378 | R25: =Q25*$C$29 -> 0.095044053 | S25: =R25/$B$22 -> 0.0095044053 | AF25: * , * , W , * , W | AG25: =POWER($AG$2,2)*POWER($AH$2,3) -> 0.00512 | AH25: =AG25*1000000 -> 5120
A26: H1 | B26: 75 | C26: 25 | D26: 4 | H26: 4XH4,!H4 | I26: =B3 -> 2 | J26: =C3 -> 2 | K26: =D3 -> 2 | L26: =E3 -> 2 | M26: =$F$18-$F$3-$F$7 -> 44 | N26: =PRODUCT(I26:M26) -> 704 | AF26: * , * , W , W , * | AG26: =POWER($AG$2,2)*POWER($AH$2,3) -> 0.00512 | AH26: =AG26*1000000 -> 5120
A27: H2 | B27: 50 | C27: 12 | D27: 2 | H27: 3xH4 | I27: =B3+B7 -> 4 | J27: =C3+C7 -> 10 | K27: =D3+D7 -> 4 | L27: =$E$18-$E$3-$E$7 -> 40 | M27: =$F$18 -> 52 | N27: =PRODUCT(I27:M27) -> 332800 | O27: =N27-N28 -> 316160 | P27: =O27/$B$19 -> 0.0030143658 | Q27: =P27*$A$22 -> 0.060287317 | R27: =Q27*$D$29 -> 0.12057463 | S27: =R27/$B$22 -> 0.012057463 | U27: Std Line | V27: Std SC | W27: Total | AF27: * , W , * , * , W | AG27: =POWER($AG$2,2)*POWER($AH$2,3) -> 0.00512 | AH27: =AG27*1000000 -> 5120
A28: H3 | B28: 50 | C28: 12 | D28: 2 | H28: 3xWD,!H4 | I28: =B3 -> 2 | J28: =C3 -> 2 | K28: =D3 -> 2 | L28: =$E$18-$E$3-$E$7 -> 40 | M28: =$F$18 -> 52 | N28: =PRODUCT(I28:M28) -> 16640 | U28: =S59 -> 0.22064349 | V28: =AD2+AD9+AD24 -> 0.0004526068 | W28: =U28+V28 -> 0.2210961 | AF28: * , W , * , W , * | AG28: =POWER($AG$2,2)*POWER($AH$2,3) -> 0.00512 | AH28: =AG28*1000000 -> 5120
A29: H4 | B29: 50 | C29: 12 | D29: 2 | H29: 5xL1 | I29: =B3+B8 -> 6 | J29: =C3+C8 -> 10 | K29: =D3+D8 -> 6 | L29: =E3+E8 -> 8 | M29: =F3+F8 -> 7 | N29: =PRODUCT(I29:M29) -> 20160 | O29: =N29-N30 -> 20128 | P29: =O29/$B$19 -> 0.00019190649 | Q29: =P29*$A$22 -> 0.0038381298 | R29: =Q29*$B$30 -> 0.15352519 | S29: =R29/$B$22 -> 0.015352519 | U29: 0.22064349 | V29: 0.0004526068 | W29: 0.2210961 | AF29: * , W , W , * , * | AG29: =POWER($AG$2,2)*POWER($AH$2,3) -> 0.00512 | AH29: =AG29*1000000 -> 5120
A30: L1 | B30: 40 | C30: 7 | D30: 2 | H30: 5xWD | I30: =B3 -> 2 | J30: =C3 -> 2 | K30: =D3 -> 2 | L30: =E3 -> 2 | M30: =F3 -> 2 | N30: =PRODUCT(I30:M30) -> 32 | AF30: W , * , * , * , W | AG30: =POWER($AG$2,2)*POWER($AH$2,3) -> 0.00512 | AH30: =AG30*1000000 -> 5120
A31: L2 | B31: 25 | C31: 5 | D31: 2 | H31: 4xL1 | I31: =B3+B8 -> 6 | J31: =C3+C8 -> 10 | K31: =D3+D8 -> 6 | L31: =E3+E8 -> 8 | M31: =$F$18-$F$3-$F$8 -> 45 | N31: =PRODUCT(I31:M31) -> 129600 | O31: =N31-N32 -> 128880 | P31: =O31/$B$19 -> 0.0012287812 | Q31: =P31*$A$22 -> 0.024575624 | R31: =Q31*$C$30 -> 0.17202937 | S31: =R31/$B$22 -> 0.017202937 | AF31: W , * , * , W , * | AG31: =POWER($AG$2,2)*POWER($AH$2,3) -> 0.00512 | AH31: =AG31*1000000 -> 5120
A32: L3 | B32: 25 | C32: 5 | D32: 2 | H32: 4XL1,!L1 | I32: =B3 -> 2 | J32: =C3 -> 2 | K32: =D3 -> 2 | L32: =E3 -> 2 | M32: =$F$18-$F$3-$F$8 -> 45 | N32: =PRODUCT(I32:M32) -> 720 | AF32: W , * , W , * , * | AG32: =POWER($AG$2,2)*POWER($AH$2,3) -> 0.00512 | AH32: =AG32*1000000 -> 5120
A33: L4 | B33: 25 | C33: 5 | D33: 2 | H33: 3xL1 | I33: =B3+B8 -> 6 | J33: =C3+C8 -> 10 | K33: =D3+D8 -> 6 | L33: =$E$18-$E$3-$E$8 -> 38 | M33: =$F$18 -> 52 | N33: =PRODUCT(I33:M33) -> 711360 | O33: =N33-N34 -> 695552 | P33: =O33/$B$19 -> 0.0066316048 | Q33: =P33*$A$22 -> 0.1326321 | R33: =Q33*$D$30 -> 0.26526419 | S33: =R33/$B$22 -> 0.026526419 | AF33: W , W , * , * , * | AG33: =POWER($AG$2,2)*POWER($AH$2,3) -> 0.00512 | AH33: =AG33*1000000 -> 5120
A34: L5 | B34: 25 | C34: 5 | D34: 2 | H34: 3xWD,!L1 | I34: =B3 -> 2 | J34: =C3 -> 2 | K34: =D3 -> 2 | L34: =$E$18-$E$3-$E$8 -> 38 | M34: =$F$18 -> 52 | N34: =PRODUCT(I34:M34) -> 15808
A35: SC | B35: 50 | C35: 5 | D35: 1 | H35: 5xL2 | I35: =B3+B9 -> 9 | J35: =C3+C9 -> 4 | K35: =D3+D9 -> 4 | L35: =E3+E9 -> 9 | M35: =F3+F9 -> 8 | N35: =PRODUCT(I35:M35) -> 10368 | O35: =N35-N36 -> 10336 | P35: =O35/$B$19 -> 9.8546575e-05 | Q35: =P35*$A$22 -> 0.0019709315 | R35: =Q35*$B$31 -> 0.049273288 | S35: =R35/$B$22 -> 0.0049273288 | AF35: * , * , * , * , W | AG35: =POWER($AG$2,1)*POWER($AH$2,4) -> 0.00128 | AH35: =AG35*1000000 -> 1280
H36: 5xWD | I36: =B3 -> 2 | J36: =C3 -> 2 | K36: =D3 -> 2 | L36: =E3 -> 2 | M36: =F3 -> 2 | N36: =PRODUCT(I36:M36) -> 32 | AF36: * , * , * , W , * | AG36: =POWER($AG$2,1)*POWER($AH$2,4) -> 0.00128 | AH36: =AG36*1000000 -> 1280
H37: 4xL2 | I37: =B3+B9 -> 9 | J37: =C3+C9 -> 4 | K37: =D3+D9 -> 4 | L37: =E3+E9 -> 9 | M37: =$F$18-$F$3-$F$9 -> 44 | N37: =PRODUCT(I37:M37) -> 57024 | O37: =N37-N38 -> 56320 | P37: =O37/$B$19 -> 0.00053697205 | Q37: =P37*$A$22 -> 0.010739441 | R37: =Q37*$C$31 -> 0.053697205 | S37: =R37/$B$22 -> 0.0053697205 | AF37: * , * , W , * , * | AG37: =POWER($AG$2,1)*POWER($AH$2,4) -> 0.00128 | AH37: =AG37*1000000 -> 1280
H38: 4XL2,!L2 | I38: =B3 -> 2 | J38: =C3 -> 2 | K38: =D3 -> 2 | L38: =E3 -> 2 | M38: =$F$18-$F$3-$F$9 -> 44 | N38: =PRODUCT(I38:M38) -> 704 | AF38: * , W , * , * , * | AG38: =POWER($AG$2,1)*POWER($AH$2,4) -> 0.00128 | AH38: =AG38*1000000 -> 1280
H39: 3xL2 | I39: =B3+B9 -> 9 | J39: =C3+C9 -> 4 | K39: =D3+D9 -> 4 | L39: =$E$18-$E$3-$E$9 -> 37 | M39: =$F$18 -> 52 | N39: =PRODUCT(I39:M39) -> 277056 | O39: =N39-N40 -> 261664 | P39: =O39/$B$19 -> 0.0024947844 | Q39: =P39*$A$22 -> 0.049895687 | R39: =Q39*$D$31 -> 0.099791374 | S39: =R39/$B$22 -> 0.0099791374 | AF39: W , * , * , * , * | AG39: =POWER($AG$2,1)*POWER($AH$2,4) -> 0.00128 | AH39: =AG39*1000000 -> 1280
H40: 3xWD,!L2 | I40: =B3 -> 2 | J40: =C3 -> 2 | K40: =D3 -> 2 | L40: =$E$18-$E$3-$E$9 -> 37 | M40: =$F$18 -> 52 | N40: =PRODUCT(I40:M40) -> 15392
H41: 5xL3 | I41: =B3+B10 -> 9 | J41: =C3+C10 -> 4 | K41: =D3+D10 -> 4 | L41: =E3+E10 -> 4 | M41: =F3+F10 -> 8 | N41: =PRODUCT(I41:M41) -> 4608 | O41: =N41-N42 -> 4576 | P41: =O41/$B$19 -> 4.3628979e-05 | Q41: =P41*$A$22 -> 0.00087257958 | R41: =Q41*$B$32 -> 0.02181449 | S41: =R41/$B$22 -> 0.002181449 | AF41: *.*.*.*.* | AG41: =POWER($AH$2, 5) -> 0.00032 | AH41: =AG41*1000000 -> 320
H42: 5xWD | I42: =B3 -> 2 | J42: =C3 -> 2 | K42: =D3 -> 2 | L42: =E3 -> 2 | M42: =F3 -> 2 | N42: =PRODUCT(I42:M42) -> 32 | AG42: =SUM(AG5:AG41) -> 1 | AH42: =SUM(AH5:AH41) -> 1000000
H43: 4xL3 | I43: =B3+B10 -> 9 | J43: =C3+C10 -> 4 | K43: =D3+D10 -> 4 | L43: =E3+E10 -> 4 | M43: =$F$18-$F$3-$F$10 -> 44 | N43: =PRODUCT(I43:M43) -> 25344 | O43: =N43-N44 -> 24640 | P43: =O43/$B$19 -> 0.00023492527 | Q43: =P43*$A$22 -> 0.0046985054 | R43: =Q43*$C$32 -> 0.023492527 | S43: =R43/$B$22 -> 0.0023492527
H44: 4XL3,!L3 | I44: =B3 -> 2 | J44: =C3 -> 2 | K44: =D3 -> 2 | L44: =E3 -> 2 | M44: =$F$18-$F$3-$F$10 -> 44 | N44: =PRODUCT(I44:M44) -> 704
H45: 3xL3 | I45: =B3+B10 -> 9 | J45: =C3+C10 -> 4 | K45: =D3+D10 -> 4 | L45: =$E$18-$E$3-$E$10 -> 42 | M45: =$F$18 -> 52 | N45: =PRODUCT(I45:M45) -> 314496 | O45: =N45-N46 -> 297024 | P45: =O45/$B$19 -> 0.0028319174 | Q45: =P45*$A$22 -> 0.056638347 | R45: =Q45*$D$32 -> 0.11327669 | S45: =R45/$B$22 -> 0.011327669
